Domaine,Serveur,Tache,MU,Unité de gestion,sess,Session,Job,Uproc,Statut,Prévu,Début,Fin,Durée,Temps estimé,Fil rouge,Info
U_,devr-qls-pr-01,M_DEVR_QLS_00100,M_PRD_DEVR_QLS_NUIT_001,Traitements QlikSense,M_DEVR_QLS_00100,Traitement Objectif CA,M_DEVR_QLS_00100_D,Debut Objectif CA,COMPLETED,44599.8368055556,44599.8368055556,44599.837037037,0.000231481484661344,0.000208333333333333,0,0
QLS,devr-qls-pr-01,M_DEVR_QLS_00100,M_PRD_DEVR_QLS_NUIT_001,Traitements QlikSense,M_DEVR_QLS_00100,Traitement Objectif CA,M_DEVR_QLS_00100_P,Extract OBJECTIF CA,COMPLETED,44599.8368055556,44599.8368171296,44599.8368865741,6.94444461259991E-05,6.94444444444444E-05,0,0
QLS,devr-qls-pr-01,M_DEVR_QLS_00100,M_PRD_DEVR_QLS_NUIT_001,Traitements QlikSense,M_DEVR_QLS_00100,Traitement Objectif CA,M_DEVR_QLS_00101_P,Envoi portail sharepoint,COMPLETED,44599.8368055556,44599.8368865741,44599.8369097222,2.31481462833472E-05,9.25925925925926E-05,0,0
QLS,devr-qls-pr-01,M_DEVR_QLS_00100,M_PRD_DEVR_QLS_NUIT_001,Traitements QlikSense,M_DEVR_QLS_00100,Traitement Objectif CA,M_DEVR_QLS_00102_P,OUTPUT_ca_flash_fildeleau,ABORTED,44599.8368055556,44599.8369097222,44599.837025463,0.000115740738692693,4.62962962962963E-05,0,0
U_,devr-qls-pr-01,M_DEVR_QLS_00100,M_PRD_DEVR_QLS_NUIT_001,Traitements QlikSense,M_DEVR_QLS_00100,Traitement Objectif CA,M_DEVR_QLS_00100_F,Fin Objectif CA,COMPLETED,44599.8368055556,44599.837037037,44599.837037037,0,0,0,0
U_,devr-dwh-pr-01,M_DEVR_DECI_00209_QUOT,M_PRD_DEVR_DECI_NUIT_019,CA FLASH,M_DEVR_DECI_00209,CA_FLASH_FILDELEAU,M_DEVR_DECI_00209_D,Uproc debut CA_FLASH_FILDELEAU,COMPLETED,44599.8368055556,44599.8368171296,44599.8376273148,0.000810185185400769,0.000613425925925926,0,0
DECI,devr-dwh-pr-01,M_DEVR_DECI_00209_QUOT,M_PRD_DEVR_DECI_NUIT_019,CA FLASH,M_DEVR_DECI_00209,CA_FLASH_FILDELEAU,M_DEVR_DECI_00209_P,CA_FLASH_FILDELEAU_RESEAU,COMPLETED,44599.8368055556,44599.8368287037,44599.8370486111,0.000219907407881692,0.000185185185185185,0,0
DECI,devr-dwh-pr-01,M_DEVR_DECI_00209_QUOT,M_PRD_DEVR_DECI_NUIT_019,CA FLASH,M_DEVR_DECI_00209,CA_FLASH_FILDELEAU,M_DEVR_DECI_00210_P,CA_FLASH_FILDELEAU,COMPLETED,44599.8368055556,44599.8370486111,44599.8374652778,0.000416666669480037,0.000405092592592593,0,0
DECI,devr-dwh-pr-01,M_DEVR_DECI_00209_QUOT,M_PRD_DEVR_DECI_NUIT_019,CA FLASH,M_DEVR_DECI_00209,CA_FLASH_FILDELEAU,M_DEVR_PORT_00120_P,CA flash fil de l'eau - Envoi portail,COMPLETED,44599.8368055556,44599.8374652778,44599.8374884259,2.31481462833472E-05,,0,0
DECI,devr-dwh-pr-01,M_DEVR_DECI_00209_QUOT,M_PRD_DEVR_DECI_NUIT_019,CA FLASH,M_DEVR_DECI_00209,CA_FLASH_FILDELEAU,M_DEVR_DECI_00280_P,CA_FLASH_FILDELEAU_1.8,COMPLETED,44599.8368055556,44599.8374768519,44599.8376157407,0.000138888884976041,,0,0
U_,devr-dwh-pr-01,M_DEVR_DECI_00209_QUOT,M_PRD_DEVR_DECI_NUIT_019,CA FLASH,M_DEVR_DECI_00209,CA_FLASH_FILDELEAU,M_DEVR_DECI_00209_F,Uproc fin CA_FLASH_FILDELEAU,COMPLETED,44599.8368055556,44599.8376157407,44599.8376273148,1.15740767796524E-05,0,0,0
U_,devr-dwh-pr-01,M_DEVR_DECI_00209_QUOT,M_PRD_DEVR_DECI_NUIT_019,CA FLASH,M_DEVR_DECI_00209,CA_FLASH_FILDELEAU,M_DEVR_DECI_00209_D,Uproc debut CA_FLASH_FILDELEAU,COMPLETED,44599.8784722222,44599.8368171296,44599.8368287037,1.15740695036948E-05,0.000613425925925926,0,0
DECI,devr-dwh-pr-01,M_DEVR_DECI_00209_QUOT,M_PRD_DEVR_DECI_NUIT_019,CA FLASH,M_DEVR_DECI_00209,CA_FLASH_FILDELEAU,M_DEVR_DECI_00209_P,CA_FLASH_FILDELEAU_RESEAU,COMPLETED,44599.8784722222,44599.8368287037,44599.8370486111,0.000219907407881692,0.000185185185185185,0,0
DECI,devr-dwh-pr-01,M_DEVR_DECI_00209_QUOT,M_PRD_DEVR_DECI_NUIT_019,CA FLASH,M_DEVR_DECI_00209,CA_FLASH_FILDELEAU,M_DEVR_DECI_00210_P,CA_FLASH_FILDELEAU,COMPLETED,44599.8784722222,44599.8370486111,44599.8374652778,0.000416666669480037,0.000405092592592593,0,0
DECI,devr-dwh-pr-01,M_DEVR_DECI_00209_QUOT,M_PRD_DEVR_DECI_NUIT_019,CA FLASH,M_DEVR_DECI_00209,CA_FLASH_FILDELEAU,M_DEVR_PORT_00120_P,CA flash fil de l'eau - Envoi portail,COMPLETED,44599.8784722222,44599.8374652778,44599.8374884259,2.31481462833472E-05,,0,0
DECI,devr-dwh-pr-01,M_DEVR_DECI_00209_QUOT,M_PRD_DEVR_DECI_NUIT_019,CA FLASH,M_DEVR_DECI_00209,CA_FLASH_FILDELEAU,M_DEVR_DECI_00280_P,CA_FLASH_FILDELEAU_1.8,COMPLETED,44599.8784722222,44599.8374768519,44599.8376157407,0.000138888884976041,,0,0
U_,devr-dwh-pr-01,M_DEVR_DECI_00209_QUOT,M_PRD_DEVR_DECI_NUIT_019,CA FLASH,M_DEVR_DECI_00209,CA_FLASH_FILDELEAU,M_DEVR_DECI_00209_F,Uproc fin CA_FLASH_FILDELEAU,COMPLETED,44599.8784722222,44599.8376157407,44599.8376273148,1.15740767796524E-05,0,0,0
U_,devr-qls-pr-01,M_DEVR_QLS_00103,M_PRD_DEVR_QLS_NUIT_001,Traitements QlikSense,M_DEVR_QLS_00103,ca_flash_fildeleau_Intranet,M_DEVR_QLS_00103_D,Debut ca_flash_fildeleau_Intranet,COMPLETED,44599.8402777778,44599.8402777778,44599.8405787037,0.000300925923511386,0.000636574074074074,0,0
QLS,devr-qls-pr-01,M_DEVR_QLS_00103,M_PRD_DEVR_QLS_NUIT_001,Traitements QlikSense,M_DEVR_QLS_00103,ca_flash_fildeleau_Intranet,M_DEVR_QLS_00103_P,OUTPUT_ca_flash_fildeleau_Intranet,COMPLETED,44599.8402777778,44599.8402893519,44599.8405671296,0.000277777777228039,0.000625,0,0
U_,devr-qls-pr-01,M_DEVR_QLS_00103,M_PRD_DEVR_QLS_NUIT_001,Traitements QlikSense,M_DEVR_QLS_00103,ca_flash_fildeleau_Intranet,M_DEVR_QLS_00103_F,Fin ca_flash_fildeleau_Intranet,COMPLETED,44599.8402777778,44599.8405671296,44599.8405787037,1.15740767796524E-05,1.15740740740741E-05,0,0
U_,devr-dwh-pr-01,M_DEVR_DECI_00100_QUOT,M_PRD_DEVR_DECI_NUIT_001,DECISIONNEL REFERENCIELS,M_DEVR_DECI_00100,REFERENTIELS_SASBI,M_DEVR_DECI_00100_D,Uproc debut referentiels_sasbi,COMPLETED,44599.8541666667,44599.8541782407,44599.8586574074,0.00447916666598758,0.0178819444444444,9999,0
DECI,devr-dwh-pr-01,M_DEVR_DECI_00100_QUOT,M_PRD_DEVR_DECI_NUIT_001,DECISIONNEL REFERENCIELS,M_DEVR_DECI_00100,REFERENTIELS_SASBI,M_DEVR_DECI_00100_P,Referentiels temps - DVR_DEC_SAS_DIM_TPS,COMPLETED,44599.8541666667,44599.8541898148,44599.8542939815,0.000104166661913041,9.25925925925926E-05,9999,0
DECI,devr-dwh-pr-01,M_DEVR_DECI_00100_QUOT,M_PRD_DEVR_DECI_NUIT_001,DECISIONNEL REFERENCIELS,M_DEVR_DECI_00100,REFERENTIELS_SASBI,M_DEVR_DECI_00103_P,Referentiels Fournisseurs - DVR_DEC_SAS_DIM_FRN,COMPLETED,44599.8541666667,44599.8542939815,44599.8543981481,0.000104166669188999,0.000127314814814815,0,0
DECI,devr-dwh-pr-01,M_DEVR_DECI_00100_QUOT,M_PRD_DEVR_DECI_NUIT_001,DECISIONNEL REFERENCIELS,M_DEVR_DECI_00100,REFERENTIELS_SASBI,M_DEVR_DECI_00102_P,Referentiels Produits - DVR_DEC_SAS_DIM_PRO,COMPLETED,44599.8541666667,44599.8543981481,44599.8584490741,0.00405092592700385,0.00167824074074074,0,0
DECI,devr-dwh-pr-01,M_DEVR_DECI_00100_QUOT,M_PRD_DEVR_DECI_NUIT_001,DECISIONNEL REFERENCIELS,M_DEVR_DECI_00100,REFERENTIELS_SASBI,M_DEVR_DECI_00101_P,Referentiels Magasins - DVR_DEC_SAS_DIM_MAG,COMPLETED,44599.8541666667,44599.8584490741,44599.8586342593,0.000185185184818693,0.000243055555555556,0,0
U_,devr-dwh-pr-01,M_DEVR_DECI_00100_QUOT,M_PRD_DEVR_DECI_NUIT_001,DECISIONNEL REFERENCIELS,M_DEVR_DECI_00100,REFERENTIELS_SASBI,M_DEVR_DECI_00100_F,Uproc fin referentiels_sasbi,COMPLETED,44599.8541666667,44599.8586458333,44599.8586574074,1.15740767796524E-05,1.15740740740741E-05,0,0
U_,devr-dwh-pr-01,M_DEVR_DECI_00260_QUOT,M_PRD_DEVR_DECI_NUIT_001,DECISIONNEL REFERENCIELS,M_DEVR_DECI_00260,REF CLIENTS SASBI ODS,M_DEVR_DECI_00260_D,Uproc debut REF CLIENTS SASBI ODS,COMPLETED,44599.8541666667,44599.8541782407,44599.8867476852,0.0325694444472902,,9999,0
DECI,devr-dwh-pr-01,M_DEVR_DECI_00260_QUOT,M_PRD_DEVR_DECI_NUIT_001,DECISIONNEL REFERENCIELS,M_DEVR_DECI_00260,REF CLIENTS SASBI ODS,M_DEVR_DECI_00104_P,Referentiels Clients - DVR_DEC_SAS_DIM_FID,COMPLETED,44599.8541666667,44599.8541898148,44599.8656365741,0.0114467592575238,0.0178472222222222,0,0
DECI,devr-dwh-pr-01,M_DEVR_DECI_00260_QUOT,M_PRD_DEVR_DECI_NUIT_001,DECISIONNEL REFERENCIELS,M_DEVR_DECI_00260,REF CLIENTS SASBI ODS,M_DEVR_DECI_00109_P,Referentiels Clients - DVR_DEC_ODS_DIM_FID,COMPLETED,44599.8541666667,44599.8656365741,44599.8867361111,0.021099537036207,0.0461921296296296,0,0
U_,devr-dwh-pr-01,M_DEVR_DECI_00260_QUOT,M_PRD_DEVR_DECI_NUIT_001,DECISIONNEL REFERENCIELS,M_DEVR_DECI_00260,REF CLIENTS SASBI ODS,M_DEVR_DECI_00260_F,Uproc fin REF CLIENTS SASBI ODS,COMPLETED,44599.8541666667,44599.8867476852,44599.8867476852,0,,0,0
U_,devr-dwh-pr-01,M_DEVR_DECI_00101_QUOT,M_PRD_DEVR_DECI_NUIT_001,DECISIONNEL REFERENCIELS,M_DEVR_DECI_00101,REFERENTIELS_ODS,M_DEVR_DECI_00101_D,Uproc debut referentiels_ods,COMPLETED,44599.8680555556,44599.8680555556,44599.8722685185,0.00421296296553919,0.0470486111111111,0,0
DECI,devr-dwh-pr-01,M_DEVR_DECI_00101_QUOT,M_PRD_DEVR_DECI_NUIT_001,DECISIONNEL REFERENCIELS,M_DEVR_DECI_00101,REFERENTIELS_ODS,M_DEVR_DECI_00105_P,Referentiels temps - DVR_DEC_ODS_DIM_TPS,COMPLETED,44599.8680555556,44599.8680671296,44599.8684143519,0.000347222223354038,0.000439814814814815,0,0
DECI,devr-dwh-pr-01,M_DEVR_DECI_00101_QUOT,M_PRD_DEVR_DECI_NUIT_001,DECISIONNEL REFERENCIELS,M_DEVR_DECI_00101,REFERENTIELS_ODS,M_DEVR_DECI_00108_P,Referentiels Fournisseurs - DVR_DEC_ODS_DIM_FRN,COMPLETED,44599.8680555556,44599.8684143519,44599.8686689815,0.000254629623668734,0.000358796296296296,0,0
DECI,devr-dwh-pr-01,M_DEVR_DECI_00101_QUOT,M_PRD_DEVR_DECI_NUIT_001,DECISIONNEL REFERENCIELS,M_DEVR_DECI_00101,REFERENTIELS_ODS,M_DEVR_DECI_00107_P,Referentiels Produits - DVR_DEC_ODS_DIM_PRO,COMPLETED,44599.8680555556,44599.8686805556,44599.8720486111,0.00336805555707542,0.00488425925925926,0,0
DECI,devr-dwh-pr-01,M_DEVR_DECI_00101_QUOT,M_PRD_DEVR_DECI_NUIT_001,DECISIONNEL REFERENCIELS,M_DEVR_DECI_00101,REFERENTIELS_ODS,M_DEVR_DECI_00106_P,Referentiels magasins - DVR_DEC_ODS_DIM_MAG,COMPLETED,44599.8680555556,44599.8720486111,44599.8722569444,0.00020833333110204,0.000821759259259259,0,0
U_,devr-dwh-pr-01,M_DEVR_DECI_00101_QUOT,M_PRD_DEVR_DECI_NUIT_001,DECISIONNEL REFERENCIELS,M_DEVR_DECI_00101,REFERENTIELS_ODS,M_DEVR_DECI_00101_F,Uproc fin referentiels_ods,COMPLETED,44599.8680555556,44599.8722569444,44599.8722685185,1.15740767796524E-05,0,0,0
U_,devr-dwh-pr-01,M_DEVR_DECI_00116_QUOT,M_PRD_DEVR_DECI_NUIT_011,DECISIONNEL TARIFS,M_DEVR_DECI_00116,TARIFS,M_DEVR_DECI_00121_D,Uproc debut Decisionnel Tarifs,COMPLETED,44599.9152777778,44599.9152777778,44599.9271064815,0.0118287037039408,0.014837962962963,9999,0
DECI,devr-dwh-pr-01,M_DEVR_DECI_00116_QUOT,M_PRD_DEVR_DECI_NUIT_011,DECISIONNEL TARIFS,M_DEVR_DECI_00116,TARIFS,M_DEVR_DECI_00166_P,Referentiel Tarifs - DVR_DEC_SAS_FAI_TRF,COMPLETED,44599.9152777778,44599.9152893519,44599.9181944444,0.00290509258775273,0.00414351851851852,9999,0
DECI,devr-dwh-pr-01,M_DEVR_DECI_00116_QUOT,M_PRD_DEVR_DECI_NUIT_011,DECISIONNEL TARIFS,M_DEVR_DECI_00116,TARIFS,M_DEVR_DECI_00167_P,Referentiel Tarifs - DVR_DEC_ODS_FAI_TRF,COMPLETED,44599.9152777778,44599.9182060185,44599.9270949074,0.00888888888584916,0.0106712962962963,9999,0
U_,devr-dwh-pr-01,M_DEVR_DECI_00116_QUOT,M_PRD_DEVR_DECI_NUIT_011,DECISIONNEL TARIFS,M_DEVR_DECI_00116,TARIFS,M_DEVR_DECI_00121_F,Uproc fin Decisionnel Tarifs,COMPLETED,44599.9152777778,44599.9271064815,44599.9271064815,0,0,0,0
U_,devr-dwh-pr-01,M_DEVR_DECI_00110_QUOT,M_PRD_DEVR_DECI_NUIT_006,DECISIONNEL INTEGRATION,M_DEVR_DECI_00110,INTEGRATION,M_DEVR_DECI_00110_D,Uproc debut integration,COMPLETED,44599.9159722222,44599.9159837963,44599.9175694444,0.00158564814773854,0.00158564814814815,9999,0
DECI,devr-dwh-pr-01,M_DEVR_DECI_00110_QUOT,M_PRD_DEVR_DECI_NUIT_006,DECISIONNEL INTEGRATION,M_DEVR_DECI_00110,INTEGRATION,M_DEVR_DECI_00130_P,Referentiels Faits Budgets - DVR_DEC_SAS_FAI_BUD,COMPLETED,44599.9159722222,44599.9159837963,44599.9171064815,0.00112268518569181,0.00107638888888889,9999,0
DECI,devr-dwh-pr-01,M_DEVR_DECI_00110_QUOT,M_PRD_DEVR_DECI_NUIT_006,DECISIONNEL INTEGRATION,M_DEVR_DECI_00110,INTEGRATION,M_DEVR_DECI_00131_P,Referentiels Faits Budgets - DVR_DEC_ODS_FAI_BUD,COMPLETED,44599.9159722222,44599.9171180556,44599.9175578704,0.000439814815763384,0.000486111111111111,9999,0
U_,devr-dwh-pr-01,M_DEVR_DECI_00110_QUOT,M_PRD_DEVR_DECI_NUIT_006,DECISIONNEL INTEGRATION,M_DEVR_DECI_00110,INTEGRATION,M_DEVR_DECI_00110_F,Uproc fin integration,COMPLETED,44599.9159722222,44599.9175694444,44599.9175694444,0,0,0,0
U_,devr-dwh-pr-01,M_DEVR_DECI_00106_QUOT,M_PRD_DEVR_DECI_NUIT_004,DECISIONNEL COMMANDE_RECEPTION,M_DEVR_DECI_00106,CDE_RECEPTION_SASBI,M_DEVR_DECI_00106_D,Uproc debut cde_reception sasbi,COMPLETED,44599.9166666667,44599.9166782407,44599.9233680556,0.00668981481430819,0.00748842592592593,9999,0
DECI,devr-dwh-pr-01,M_DEVR_DECI_00106_QUOT,M_PRD_DEVR_DECI_NUIT_004,DECISIONNEL COMMANDE_RECEPTION,M_DEVR_DECI_00106,CDE_RECEPTION_SASBI,M_DEVR_DECI_00118_P,Dimensions liees au faits COMMANDES - DVR_DEC_SAS_DIM_CDE,COMPLETED,44599.9166666667,44599.9166782407,44599.9167708333,9.25925924093463E-05,0.000231481481481481,9999,0
DECI,devr-dwh-pr-01,M_DEVR_DECI_00106_QUOT,M_PRD_DEVR_DECI_NUIT_004,DECISIONNEL COMMANDE_RECEPTION,M_DEVR_DECI_00106,CDE_RECEPTION_SASBI,M_DEVR_DECI_00120_P,Faits COMMANDES - DVR_DEC_SAS_FAI_CDE,COMPLETED,44599.9166666667,44599.9166782407,44599.9233564815,0.00667824073752854,0.00746527777777778,9999,0
DECI,devr-dwh-pr-01,M_DEVR_DECI_00106_QUOT,M_PRD_DEVR_DECI_NUIT_004,DECISIONNEL COMMANDE_RECEPTION,M_DEVR_DECI_00106,CDE_RECEPTION_SASBI,M_DEVR_DECI_00119_P,Dimensions liees au faits RECEPTIONS - DVR_DEC_SAS_DIM_RCP,COMPLETED,44599.9166666667,44599.9167708333,44599.9168055556,3.47222230629995E-05,6.94444444444444E-05,9999,0
DECI,devr-dwh-pr-01,M_DEVR_DECI_00106_QUOT,M_PRD_DEVR_DECI_NUIT_004,DECISIONNEL COMMANDE_RECEPTION,M_DEVR_DECI_00106,CDE_RECEPTION_SASBI,M_DEVR_DECI_00121_P,Faits RECEPTIONS - DVR_DEC_SAS_FAI_RCP,COMPLETED,44599.9166666667,44599.9166782407,44599.916724537,4.62962925666943E-05,0.000138888888888889,9999,0
U_,devr-dwh-pr-01,M_DEVR_DECI_00106_QUOT,M_PRD_DEVR_DECI_NUIT_004,DECISIONNEL COMMANDE_RECEPTION,M_DEVR_DECI_00106,CDE_RECEPTION_SASBI,M_DEVR_DECI_00106_F,Uproc fin cde_reception sasbi,COMPLETED,44599.9166666667,44599.9233680556,44599.9233680556,0,1.15740740740741E-05,0,0
U_,devr-dwh-pr-01,M_DEVR_DECI_00108_QUOT,M_PRD_DEVR_DECI_NUIT_005,DECISIONNEL IMPLANTATION,M_DEVR_DECI_00108,IMPLANTATION_SASBI,M_DEVR_DECI_00108_D,Uproc debut implantation sasbi,ABORTED,44599.91875,44599.9187615741,44599.9441666667,0.0254050925941556,0.022337962962963,9999,0
DECI,devr-dwh-pr-01,M_DEVR_DECI_00108_QUOT,M_PRD_DEVR_DECI_NUIT_005,DECISIONNEL IMPLANTATION,M_DEVR_DECI_00108,IMPLANTATION_SASBI,M_DEVR_DECI_00126_P,Dimensions liees au faits IMPLANTATION MAG - DVR_DEC_SAS_DIM_IMP,COMPLETED,44599.91875,44599.9187615741,44599.9188194444,5.78703693463467E-05,0.000138888888888889,9999,0
DECI,devr-dwh-pr-01,M_DEVR_DECI_00108_QUOT,M_PRD_DEVR_DECI_NUIT_005,DECISIONNEL IMPLANTATION,M_DEVR_DECI_00108,IMPLANTATION_SASBI,M_DEVR_DECI_00127_P,Faits IMPLANTATION MAG - DVR_DEC_SAS_FAI_IMP,COMPLETED,44599.91875,44599.9188194444,44599.9441550926,0.0253356481480296,0.0221643518518519,9999,0
U_,devr-dwh-pr-01,M_DEVR_DECI_00108_QUOT,M_PRD_DEVR_DECI_NUIT_005,DECISIONNEL IMPLANTATION,M_DEVR_DECI_00108,IMPLANTATION_SASBI,M_DEVR_DECI_00108_F,Uproc fin implantation sasbi,COMPLETED,44599.91875,44599.9441550926,44599.9441666667,1.15740767796524E-05,1.15740740740741E-05,0,0
U_,devr-dwh-pr-01,M_DEVR_DECI_00107_QUOT,M_PRD_DEVR_DECI_NUIT_004,DECISIONNEL COMMANDE_RECEPTION,M_DEVR_DECI_00107,CDE_RECEPTION_ODS,M_DEVR_DECI_00107_D,Uproc debut cde_reception ods,EXECUTED,44599.9201388889,44599.9233680556,44599.924849537,0.00148148147854954,0.00131944444444444,9999,0
DECI,devr-dwh-pr-01,M_DEVR_DECI_00107_QUOT,M_PRD_DEVR_DECI_NUIT_004,DECISIONNEL COMMANDE_RECEPTION,M_DEVR_DECI_00107,CDE_RECEPTION_ODS,M_DEVR_DECI_00122_P,Dimensions liees au faits COMMANDES - DVR_DEC_ODS_DIM_CDE,COMPLETED,44599.9201388889,44599.9233796296,44599.9234375,5.78703693463467E-05,0.000138888888888889,9999,0
DECI,devr-dwh-pr-01,M_DEVR_DECI_00107_QUOT,M_PRD_DEVR_DECI_NUIT_004,DECISIONNEL COMMANDE_RECEPTION,M_DEVR_DECI_00107,CDE_RECEPTION_ODS,M_DEVR_DECI_00123_P,Dimensions liees au faits RECEPTION - DVR_DEC_ODS_DIM_RCP,COMPLETED,44599.9201388889,44599.9233796296,44599.9234027778,2.31481462833472E-05,6.94444444444444E-05,9999,0
DECI,devr-dwh-pr-01,M_DEVR_DECI_00107_QUOT,M_PRD_DEVR_DECI_NUIT_004,DECISIONNEL COMMANDE_RECEPTION,M_DEVR_DECI_00107,CDE_RECEPTION_ODS,M_DEVR_DECI_00124_P,Faits COMMANDES - DVR_DEC_ODS_FAI_CDE,COMPLETED,44599.9201388889,44599.9234375,44599.9248032407,0.00136574073985685,0.00107638888888889,9999,0
DECI,devr-dwh-pr-01,M_DEVR_DECI_00107_QUOT,M_PRD_DEVR_DECI_NUIT_004,DECISIONNEL COMMANDE_RECEPTION,M_DEVR_DECI_00107,CDE_RECEPTION_ODS,M_DEVR_DECI_00125_P,Faits RECEPTION - DVR_DEC_ODS_FAI_RCP,COMPLETED,44599.9201388889,44599.9248032407,44599.924837963,3.47222230629995E-05,6.94444444444444E-05,9999,0
U_,devr-dwh-pr-01,M_DEVR_DECI_00107_QUOT,M_PRD_DEVR_DECI_NUIT_004,DECISIONNEL COMMANDE_RECEPTION,M_DEVR_DECI_00107,CDE_RECEPTION_ODS,M_DEVR_DECI_00107_F,Uproc fin cde_reception ods,COMPLETED,44599.9201388889,44599.924837963,44599.924849537,1.15740695036948E-05,0,0,0
U_,devr-dwh-pr-01,M_DEVR_DECI_00102_QUOT,M_PRD_DEVR_DECI_NUIT_002,DECISIONNEL VENTES,M_DEVR_DECI_00102,VENTES_SASBI,M_DEVR_DECI_00102_D,Uproc debut ventes_sasbi,COMPLETED,44599.9166666667,44599.9319675926,44599.9486111111,0.0166435185165028,0.016724537037037,9999,0
DECI,devr-dwh-pr-01,M_DEVR_DECI_00102_QUOT,M_PRD_DEVR_DECI_NUIT_002,DECISIONNEL VENTES,M_DEVR_DECI_00102,VENTES_SASBI,M_DEVR_DECI_00110_P,Dimensions liees aux faits VENTES - DVR_DEC_SAS_DIM_VTE,COMPLETED,44599.9166666667,44599.9340625,44599.9341319444,6.94444461259991E-05,0.000104166666666667,9999,0
DECI,devr-dwh-pr-01,M_DEVR_DECI_00102_QUOT,M_PRD_DEVR_DECI_NUIT_002,DECISIONNEL VENTES,M_DEVR_DECI_00102,VENTES_SASBI,M_DEVR_DECI_00111_P,Faits VENTES - DVR_DEC_SAS_FAI_VTE,COMPLETED,44599.9166666667,44599.9341319444,44599.948599537,0.0144675925912452,0.0165972222222222,9999,0
U_,devr-dwh-pr-01,M_DEVR_DECI_00102_QUOT,M_PRD_DEVR_DECI_NUIT_002,DECISIONNEL VENTES,M_DEVR_DECI_00102,VENTES_SASBI,M_DEVR_DECI_00102_F,Uproc fin ventes_sasbi,COMPLETED,44599.9166666667,44599.948599537,44599.9486111111,1.15740767796524E-05,0,0,0
U_,devr-dwh-pr-01,M_DEVR_DECI_00121_QUOT,M_PRD_DEVR_DECI_NUIT_012,HEURES TRAVAILLEES,M_DEVR_DECI_00120,HEURES TRAVAILLEES,M_DEVR_DECI_00123_D,Uproc debut Heures travaillees,COMPLETED,44599.9375,44599.9375,44599.9377199074,0.000219907407881692,0.00145833333333333,0,0
DECI,devr-dwh-pr-01,M_DEVR_DECI_00121_QUOT,M_PRD_DEVR_DECI_NUIT_012,HEURES TRAVAILLEES,M_DEVR_DECI_00120,HEURES TRAVAILLEES,M_DEVR_DECI_00169_P,Heures travaillees - DVR_DEC_ODS_HTR,COMPLETED,44599.9375,44599.9375115741,44599.9377083333,0.000196759254322387,0.00144675925925926,0,0
U_,devr-dwh-pr-01,M_DEVR_DECI_00121_QUOT,M_PRD_DEVR_DECI_NUIT_012,HEURES TRAVAILLEES,M_DEVR_DECI_00120,HEURES TRAVAILLEES,M_DEVR_DECI_00123_F,Uproc fin Heures travaillees,COMPLETED,44599.9375,44599.9377083333,44599.9377199074,1.15740767796524E-05,0,0,0
U_,devr-dwh-pr-01,M_DEVR_DECI_00109_QUOT,M_PRD_DEVR_DECI_NUIT_005,DECISIONNEL IMPLANTATION,M_DEVR_DECI_00109,IMPLANTATION_ODS,M_DEVR_DECI_00109_D,Uproc debut implantation ods,COMPLETED,44599.9201388889,44599.9441666667,44599.9491666667,0.00499999999738066,0.00509259259259259,9999,0
DECI,devr-dwh-pr-01,M_DEVR_DECI_00109_QUOT,M_PRD_DEVR_DECI_NUIT_005,DECISIONNEL IMPLANTATION,M_DEVR_DECI_00109,IMPLANTATION_ODS,M_DEVR_DECI_00128_P,Dimensions liees au faits IMPLANTATION MAG - DVR_DEC_ODS_DIM_IMP,COMPLETED,44599.9201388889,44599.9441782407,44599.9442592593,8.10185229056515E-05,0.000115740740740741,9999,0
DECI,devr-dwh-pr-01,M_DEVR_DECI_00109_QUOT,M_PRD_DEVR_DECI_NUIT_005,DECISIONNEL IMPLANTATION,M_DEVR_DECI_00109,IMPLANTATION_ODS,M_DEVR_DECI_00129_P,Faits IMPLANTATION MAG - DVR_DEC_ODS_FAI_IMP,COMPLETED,44599.9201388889,44599.9442708333,44599.9491550926,0.00488425926596392,0.0049537037037037,9999,0
U_,devr-dwh-pr-01,M_DEVR_DECI_00109_QUOT,M_PRD_DEVR_DECI_NUIT_005,DECISIONNEL IMPLANTATION,M_DEVR_DECI_00109,IMPLANTATION_ODS,M_DEVR_DECI_00109_F,Uproc fin implantation ods,COMPLETED,44599.9201388889,44599.9491550926,44599.9491666667,1.15740695036948E-05,1.15740740740741E-05,0,0
U_,devr-dwh-pr-01,M_DEVR_DECI_00103_QUOT,M_PRD_DEVR_DECI_NUIT_002,DECISIONNEL VENTES,M_DEVR_DECI_00103,VENTES_ODS,M_DEVR_DECI_00103_D,Uproc debut ventes_ods,COMPLETED,44599.9201388889,44599.9486111111,44600.0092708333,0.0606597222213168,0.0049537037037037,9999,0
DECI,devr-dwh-pr-01,M_DEVR_DECI_00103_QUOT,M_PRD_DEVR_DECI_NUIT_002,DECISIONNEL VENTES,M_DEVR_DECI_00103,VENTES_ODS,M_DEVR_DECI_00112_P,Dimensions liees aux faits VENTES - DVR_DEC_ODS_DIM_VTE,COMPLETED,44599.9201388889,44599.9486226852,44599.9488541667,0.000231481477385387,0.000138888888888889,9999,0
DECI,devr-dwh-pr-01,M_DEVR_DECI_00103_QUOT,M_PRD_DEVR_DECI_NUIT_002,DECISIONNEL VENTES,M_DEVR_DECI_00103,VENTES_ODS,M_DEVR_DECI_00113_P,Faits VENTES - DVR_DEC_ODS_FAI_VTE,COMPLETED,44599.9201388889,44599.9488541667,44599.9500347222,0.00118055555503815,0.00423611111111111,9999,0
DECI,devr-dwh-pr-01,M_DEVR_DECI_00103_QUOT,M_PRD_DEVR_DECI_NUIT_002,DECISIONNEL VENTES,M_DEVR_DECI_00103,VENTES_ODS,M_DEVR_DECI_00255_P,DVR_DEC_ODS_FAI_VTE_ANA,COMPLETED,44599.9201388889,44600.0010532407,44600.0092592593,0.00820601852319669,,0,0
U_,devr-dwh-pr-01,M_DEVR_DECI_00103_QUOT,M_PRD_DEVR_DECI_NUIT_002,DECISIONNEL VENTES,M_DEVR_DECI_00103,VENTES_ODS,M_DEVR_DECI_00103_F,Uproc fin ventes_ods,ABORTED,44599.9201388889,44600.0092708333,44600.0092708333,0,1.15740740740741E-05,0,0
U_,devr-dwh-pr-01,M_DEVR_DECI_00185_QUOT,M_PRD_DEVR_DECI_NUIT_014,ARRETS REASSORT,M_DEVR_DECI_00185,ARRETS REASSORT,M_DEVR_DECI_00185_D,Uproc debut Arrets Reassort,COMPLETED,44599.9375,44600.0010532407,44600.0233796296,0.0223263888910878,0.0302546296296296,9999,0
DECI,devr-dwh-pr-01,M_DEVR_DECI_00185_QUOT,M_PRD_DEVR_DECI_NUIT_014,ARRETS REASSORT,M_DEVR_DECI_00185,ARRETS REASSORT,M_DEVR_DECI_00185_P,Arrets Reassort - DVR_DEC_SAS_FAI_ARE,ABORTED,44599.9375,44600.0010648148,44600.0216782407,0.020613425927877,0.0300115740740741,9999,0
DECI,devr-dwh-pr-01,M_DEVR_DECI_00185_QUOT,M_PRD_DEVR_DECI_NUIT_014,ARRETS REASSORT,M_DEVR_DECI_00185,ARRETS REASSORT,M_DEVR_DECI_00186_P,Arrets Reassort - DVR_DEC_ODS_FAI_ARE,COMPLETED,44599.9375,44600.0216898148,44600.0233796296,0.00168981481692754,0.000219907407407407,9999,0
U_,devr-dwh-pr-01,M_DEVR_DECI_00185_QUOT,M_PRD_DEVR_DECI_NUIT_014,ARRETS REASSORT,M_DEVR_DECI_00185,ARRETS REASSORT,M_DEVR_DECI_00185_F,Uproc fin Arrets Reassort,COMPLETED,44599.9375,44600.0233796296,44600.0233796296,0,1.15740740740741E-05,0,0
U_,devr-dwh-pr-01,M_DEVR_DECI_00262_QUOT,M_PRD_DEVR_DECI_NUIT_001,DECISIONNEL REFERENCIELS,M_DEVR_DECI_00262,COMMANDES_CLIENT SASBI,M_DEVR_DECI_00262_D,Uproc debut COMMANDES_CLIENT_SASBI,COMPLETED,44599.9986111111,44600.0010532407,44600.0026041667,0.00155092592467554,,0,0
DECI,devr-dwh-pr-01,M_DEVR_DECI_00262_QUOT,M_PRD_DEVR_DECI_NUIT_001,DECISIONNEL REFERENCIELS,M_DEVR_DECI_00262,COMMANDES_CLIENT SASBI,M_DEVR_DECI_00262_P,COMMANDES_CLIENT_SASBI - DVR_DEC_SAS_DIM_CCL,COMPLETED,44599.9986111111,44600.0010648148,44600.001087963,2.31481462833472E-05,,0,0
DECI,devr-dwh-pr-01,M_DEVR_DECI_00262_QUOT,M_PRD_DEVR_DECI_NUIT_001,DECISIONNEL REFERENCIELS,M_DEVR_DECI_00262,COMMANDES_CLIENT SASBI,M_DEVR_DECI_00263_P,COMMANDES_CLIENT_SASBI - DVR_DEC_SAS_FAI_CCL,COMPLETED,44599.9986111111,44600.001087963,44600.0025925926,0.00150462963210884,,0,0
U_,devr-dwh-pr-01,M_DEVR_DECI_00262_QUOT,M_PRD_DEVR_DECI_NUIT_001,DECISIONNEL REFERENCIELS,M_DEVR_DECI_00262,COMMANDES_CLIENT SASBI,M_DEVR_DECI_00262_F,Uproc fin COMMANDES_CLIENT_SASBI,ABORTED,44599.9986111111,44600.0026041667,44600.0026041667,0,,0,0
U_,devr-dwh-pr-01,M_DEVR_DECI_00264_QUOT,M_PRD_DEVR_DECI_NUIT_001,DECISIONNEL REFERENCIELS,M_DEVR_DECI_00264,COMMANDES_CLIENT_ODS,M_DEVR_DECI_00264_D,Uproc debut COMMANDES_CLIENT_ODS,COMPLETED,44599.9993055556,44600.0026157407,44600.0028587963,0.000243055554165039,,0,0
DECI,devr-dwh-pr-01,M_DEVR_DECI_00264_QUOT,M_PRD_DEVR_DECI_NUIT_001,DECISIONNEL REFERENCIELS,M_DEVR_DECI_00264,COMMANDES_CLIENT_ODS,M_DEVR_DECI_00264_P,COMMANDES_CLIENT_ODS - DVR_DEC_ODS_DIM_CCL,COMPLETED,44599.9993055556,44600.0026273148,44600.002662037,3.47222157870419E-05,,0,0
DECI,devr-dwh-pr-01,M_DEVR_DECI_00264_QUOT,M_PRD_DEVR_DECI_NUIT_001,DECISIONNEL REFERENCIELS,M_DEVR_DECI_00264,COMMANDES_CLIENT_ODS,M_DEVR_DECI_00265_P,COMMANDES_CLIENT_ODS - DVR_DEC_ODS_FAI_CCL,COMPLETED,44599.9993055556,44600.002662037,44600.0028472222,0.00018518519209465,,0,0
U_,devr-dwh-pr-01,M_DEVR_DECI_00264_QUOT,M_PRD_DEVR_DECI_NUIT_001,DECISIONNEL REFERENCIELS,M_DEVR_DECI_00264,COMMANDES_CLIENT_ODS,M_DEVR_DECI_00264_F,Uproc fin COMMANDES_CLIENT_ODS,COMPLETED,44599.9993055556,44600.0028472222,44600.0028587963,1.15740695036948E-05,,0,0
U_,devr-dwh-pr-01,M_DEVR_DECI_00104_QUOT,M_PRD_DEVR_DECI_NUIT_003,DECISIONNEL STOCKS,M_DEVR_DECI_00104,STOCKS_SASBI,M_DEVR_DECI_00104_D,Uproc debut stocks_sasbi,COMPLETED,44599.9097222222,44600.057337963,44600.0573958333,5.78703693463467E-05,0.000162037037037037,9999,0
DECI,devr-dwh-pr-01,M_DEVR_DECI_00104_QUOT,M_PRD_DEVR_DECI_NUIT_003,DECISIONNEL STOCKS,M_DEVR_DECI_00104,STOCKS_SASBI,M_DEVR_DECI_00114_P,Dimensions liees aux faits STOCKS - DVR_DEC_SAS_DIM_STK,COMPLETED,44599.9097222222,44600.057349537,44600.0573842593,3.47222230629995E-05,0.000162037037037037,9999,0
U_,devr-dwh-pr-01,M_DEVR_DECI_00104_QUOT,M_PRD_DEVR_DECI_NUIT_003,DECISIONNEL STOCKS,M_DEVR_DECI_00104,STOCKS_SASBI,M_DEVR_DECI_00104_F,Uproc fin stocks_sasbi,COMPLETED,44599.9097222222,44600.0573958333,44600.0573958333,0,0,0,0
U_,devr-dwh-pr-01,M_DEVR_DECI_00125_QUOT,M_PRD_DEVR_DECI_NUIT_003,DECISIONNEL STOCKS,M_DEVR_DECI_00124,STOCKS_SASBI V2,M_DEVR_DECI_00126_D,Uproc debut stocks_sasbi V2,COMPLETED,44599.9104166667,44600.0573958333,44600.0885416667,0.031145833330811,0.0488657407407407,9999,0
DECI,devr-dwh-pr-01,M_DEVR_DECI_00125_QUOT,M_PRD_DEVR_DECI_NUIT_003,DECISIONNEL STOCKS,M_DEVR_DECI_00124,STOCKS_SASBI V2,M_DEVR_DECI_00146_P,Initialisation stock - DVR_DEC_SAS_FAI_STK_JOU_QTE,COMPLETED,44599.9104166667,44600.0574074074,44600.0593287037,0.00192129629431292,0.00305555555555556,0,0
DECI,devr-dwh-pr-01,M_DEVR_DECI_00125_QUOT,M_PRD_DEVR_DECI_NUIT_003,DECISIONNEL STOCKS,M_DEVR_DECI_00124,STOCKS_SASBI V2,M_DEVR_DECI_00147_P,Update stock - DVR_DEC_SAS_FAI_STK_JOU_PMP,EXECUTED,44599.9104166667,44600.0593402778,44600.0648263889,0.00548611110571073,0.0122222222222222,0,0
DECI,devr-dwh-pr-01,M_DEVR_DECI_00125_QUOT,M_PRD_DEVR_DECI_NUIT_003,DECISIONNEL STOCKS,M_DEVR_DECI_00124,STOCKS_SASBI V2,M_DEVR_DECI_00148_P,Update stock - DVR_DEC_SAS_FAI_STK_JOU_PVI,COMPLETED,44599.9104166667,44600.0648263889,44600.0717013889,0.00687499999912689,0.0127199074074074,0,0
DECI,devr-dwh-pr-01,M_DEVR_DECI_00125_QUOT,M_PRD_DEVR_DECI_NUIT_003,DECISIONNEL STOCKS,M_DEVR_DECI_00124,STOCKS_SASBI V2,M_DEVR_DECI_00149_P,Update stock - DVR_DEC_SAS_FAI_STK_JOU_AUT,COMPLETED,44599.9104166667,44600.071712963,44600.0871180556,0.0154050925921183,0.0184259259259259,0,0
DECI,devr-dwh-pr-01,M_DEVR_DECI_00125_QUOT,M_PRD_DEVR_DECI_NUIT_003,DECISIONNEL STOCKS,M_DEVR_DECI_00124,STOCKS_SASBI V2,M_DEVR_DECI_00150_P,Mvts stocks - DVR_DEC_SAS_FAI_STK_MVT_DEP,COMPLETED,44599.9104166667,44600.0871180556,44600.0876967593,0.000578703700739425,0.00099537037037037,0,0
DECI,devr-dwh-pr-01,M_DEVR_DECI_00125_QUOT,M_PRD_DEVR_DECI_NUIT_003,DECISIONNEL STOCKS,M_DEVR_DECI_00124,STOCKS_SASBI V2,M_DEVR_DECI_00181_P,Mvts stocks - DVR_DEC_SAS_FAI_STK_MVT_MAG,COMPLETED,44599.9104166667,44600.0877083333,44600.0885300926,0.000821759262180422,0.00141203703703704,0,0
U_,devr-dwh-pr-01,M_DEVR_DECI_00125_QUOT,M_PRD_DEVR_DECI_NUIT_003,DECISIONNEL STOCKS,M_DEVR_DECI_00124,STOCKS_SASBI V2,M_DEVR_DECI_00126_F,Uproc fin sasbi ODS V2,COMPLETED,44599.9104166667,44600.0885300926,44600.0885416667,1.15740695036948E-05,1.15740740740741E-05,0,0
U_,devr-dwh-pr-01,M_DEVR_DECI_00105_QUOT,M_PRD_DEVR_DECI_NUIT_003,DECISIONNEL STOCKS,M_DEVR_DECI_00105,STOCKS_ODS,M_DEVR_DECI_00105_D,Uproc debut stocks_ODS,COMPLETED,44599.9131944444,44600.0885416667,44600.0953472222,0.00680555556027684,0.00899305555555555,9999,0
DECI,devr-dwh-pr-01,M_DEVR_DECI_00105_QUOT,M_PRD_DEVR_DECI_NUIT_003,DECISIONNEL STOCKS,M_DEVR_DECI_00105,STOCKS_ODS,M_DEVR_DECI_00116_P,Dimensions liees aux faits STOCKS - DVR_DEC_ODS_DIM_STK,COMPLETED,44599.9131944444,44600.0885532407,44600.088587963,3.47222230629995E-05,6.94444444444444E-05,0,0
DECI,devr-dwh-pr-01,M_DEVR_DECI_00105_QUOT,M_PRD_DEVR_DECI_NUIT_003,DECISIONNEL STOCKS,M_DEVR_DECI_00105,STOCKS_ODS,M_DEVR_DECI_00117_P,Faits STOCKS - DVR_DEC_ODS_FAI_STK_JOU,COMPLETED,44599.9131944444,44600.088587963,44600.092974537,0.00438657407357823,0.00315972222222222,0,0
DECI,devr-dwh-pr-01,M_DEVR_DECI_00105_QUOT,M_PRD_DEVR_DECI_NUIT_003,DECISIONNEL STOCKS,M_DEVR_DECI_00105,STOCKS_ODS,M_DEVR_DECI_00286_P,Faits STOCKS - DVR_DEC_ODS_FAI_STK_LAT_DELTA,COMPLETED,44599.9131944444,44600.092974537,44600.0929976852,2.31481462833472E-05,,0,0
DECI,devr-dwh-pr-01,M_DEVR_DECI_00105_QUOT,M_PRD_DEVR_DECI_NUIT_003,DECISIONNEL STOCKS,M_DEVR_DECI_00105,STOCKS_ODS,M_DEVR_DECI_00230_P,Faits STOCKS - DVR_DEC_ODS_FAI_STK_LAT,COMPLETED,44599.9131944444,44600.0929976852,44600.0950115741,0.00201388888672227,,0,0
DECI,devr-dwh-pr-01,M_DEVR_DECI_00105_QUOT,M_PRD_DEVR_DECI_NUIT_003,DECISIONNEL STOCKS,M_DEVR_DECI_00105,STOCKS_ODS,M_DEVR_DECI_00182_P,Mvts stocks - DVR_DEC_ODS_FAI_STK_MVT_DEP,COMPLETED,44599.9131944444,44600.0950115741,44600.0950810185,6.94444461259991E-05,0.000243055555555556,0,0
DECI,devr-dwh-pr-01,M_DEVR_DECI_00105_QUOT,M_PRD_DEVR_DECI_NUIT_003,DECISIONNEL STOCKS,M_DEVR_DECI_00105,STOCKS_ODS,M_DEVR_DECI_00183_P,Mvts stocks - DVR_DEC_ODS_FAI_STK_MVT_MAG,COMPLETED,44599.9131944444,44600.0950810185,44600.0953356481,0.000254629630944692,0.00549768518518519,0,0
U_,devr-dwh-pr-01,M_DEVR_DECI_00105_QUOT,M_PRD_DEVR_DECI_NUIT_003,DECISIONNEL STOCKS,M_DEVR_DECI_00105,STOCKS_ODS,M_DEVR_DECI_00105_F,Uproc fin stocks_ODS,COMPLETED,44599.9131944444,44600.0953356481,44600.0953472222,1.15740767796524E-05,0,0,0
U_,devr-dwh-pr-01,M_DEVR_DECI_00123_QUOT,M_PRD_DEVR_DECI_NUIT_013,DECISIONNEL VENTES POTENTIELLES,M_DEVR_DECI_00122,VENTES POTENTIELLES,M_DEVR_DECI_00124_D,Uproc debut Ventes potentielles,COMPLETED,44599.9166666667,44600.1028356481,44600.1035300926,0.000694444446708076,0.000625,0,0
DECI,devr-dwh-pr-01,M_DEVR_DECI_00123_QUOT,M_PRD_DEVR_DECI_NUIT_013,DECISIONNEL VENTES POTENTIELLES,M_DEVR_DECI_00122,VENTES POTENTIELLES,M_DEVR_DECI_00144_P,Ventes potentielles sasbi - DVR_DEC_SAS_FAI_VPT,COMPLETED,44599.9166666667,44600.1028472222,44600.1030324074,0.000185185184818693,0.000335648148148148,9999,0
DECI,devr-dwh-pr-01,M_DEVR_DECI_00123_QUOT,M_PRD_DEVR_DECI_NUIT_013,DECISIONNEL VENTES POTENTIELLES,M_DEVR_DECI_00122,VENTES POTENTIELLES,M_DEVR_DECI_00145_P,Ventes potentielles ods - DVR_DEC_ODS_FAI_VPT,COMPLETED,44599.9166666667,44600.1030324074,44600.1035185185,0.000486111108330078,0.000277777777777778,9999,0
U_,devr-dwh-pr-01,M_DEVR_DECI_00123_QUOT,M_PRD_DEVR_DECI_NUIT_013,DECISIONNEL VENTES POTENTIELLES,M_DEVR_DECI_00122,VENTES POTENTIELLES,M_DEVR_DECI_00124_F,Uproc fin Ventes potentielles,COMPLETED,44599.9166666667,44600.1035185185,44600.1035300926,1.15740767796524E-05,1.15740740740741E-05,0,0
U_,devr-dwh-pr-01,M_DEVR_DECI_00115_QUOT,M_PRD_DEVR_DECI_NUIT_010,INDICATEURS REPORTING BEST,M_DEVR_DECI_00115,Indicateurs Best,M_DEVR_DECI_00120_D,Uproc debut Traitements complementaires,COMPLETED,44599.9166666667,44600.1035300926,44600.1233912037,0.0198611111118225,0.0519444444444444,0,0
DECI,devr-dwh-pr-01,M_DEVR_DECI_00115_QUOT,M_PRD_DEVR_DECI_NUIT_010,INDICATEURS REPORTING BEST,M_DEVR_DECI_00115,Indicateurs Best,M_DEVR_DECI_00180_P,Implantation Hebdo - DVR_DEC_ODS_FAI_IMH,COMPLETED,44599.9166666667,44600.1035416667,44600.1220949074,0.018553240741312,0.0288078703703704,9999,0
DECI,devr-dwh-pr-01,M_DEVR_DECI_00115_QUOT,M_PRD_DEVR_DECI_NUIT_010,INDICATEURS REPORTING BEST,M_DEVR_DECI_00115,Indicateurs Best,M_DEVR_DECI_00231_P,DVR_DEC_ODS_FAI_IMH_LAT,COMPLETED,44599.9166666667,44600.1220949074,44600.1223726852,0.000277777777228039,,9999,0
DECI,devr-dwh-pr-01,M_DEVR_DECI_00115_QUOT,M_PRD_DEVR_DECI_NUIT_010,INDICATEURS REPORTING BEST,M_DEVR_DECI_00115,Indicateurs Best,M_DEVR_DECI_00165_P,Indicateurs Reporting Best - DVR_DEC_ODS_BST,COMPLETED,44599.9166666667,44600.1223726852,44600.1232986111,0.00092592593136942,0.00287037037037037,9999,0
DECI,devr-dwh-pr-01,M_DEVR_DECI_00115_QUOT,M_PRD_DEVR_DECI_NUIT_010,INDICATEURS REPORTING BEST,M_DEVR_DECI_00115,Indicateurs Best,M_DEVR_DECI_00281_P,Indicateurs Reporting Best - DVR_DEC_DWH_KPI_WEB,COMPLETED,44599.9166666667,44600.1232986111,44600.1233912037,9.25925924093463E-05,,0,0
U_,devr-dwh-pr-01,M_DEVR_DECI_00115_QUOT,M_PRD_DEVR_DECI_NUIT_010,INDICATEURS REPORTING BEST,M_DEVR_DECI_00115,Indicateurs Best,M_DEVR_DECI_00120_F,Uproc fin Traitements complementaires,COMPLETED,44599.9166666667,44600.1233912037,44600.1233912037,0,0,0,0
U_,devr-dwh-pr-01,M_DEVR_DECI_00111_QUOT,M_PRD_DEVR_DECI_NUIT_007,ALIMENTATION DATAWAREHOUSE,M_DEVR_DECI_00111,Referentiels DWH,M_DEVR_DECI_00111_D,Uproc debut Referentiel DWH,COMPLETED,44599.9166666667,44600.1035416667,44600.1089236111,0.00538194445107365,0.00244212962962963,0,0
DECI,devr-dwh-pr-01,M_DEVR_DECI_00111_QUOT,M_PRD_DEVR_DECI_NUIT_007,ALIMENTATION DATAWAREHOUSE,M_DEVR_DECI_00111,Referentiels DWH,M_DEVR_DECI_00134_P,Referentiel Temps Dwh - DVR_DEC_DWH_DIM_TPS,COMPLETED,44599.9166666667,44600.1035532407,44600.103587963,3.47222230629995E-05,0.000104166666666667,0,0
DECI,devr-dwh-pr-01,M_DEVR_DECI_00111_QUOT,M_PRD_DEVR_DECI_NUIT_007,ALIMENTATION DATAWAREHOUSE,M_DEVR_DECI_00111,Referentiels DWH,M_DEVR_DECI_00135_P,Referentiel Magasins Dwh - DVR_DEC_DWH_DIM_MAG,COMPLETED,44599.9166666667,44600.103599537,44600.1036574074,5.78703693463467E-05,0.000115740740740741,0,0
DECI,devr-dwh-pr-01,M_DEVR_DECI_00111_QUOT,M_PRD_DEVR_DECI_NUIT_007,ALIMENTATION DATAWAREHOUSE,M_DEVR_DECI_00111,Referentiels DWH,M_DEVR_DECI_00136_P,Referentiel Produits Dwh - DVR_DEC_DWH_DIM_PRO,COMPLETED,44599.9166666667,44600.103599537,44600.1046759259,0.00107638888584916,0.00142361111111111,0,0
DECI,devr-dwh-pr-01,M_DEVR_DECI_00111_QUOT,M_PRD_DEVR_DECI_NUIT_007,ALIMENTATION DATAWAREHOUSE,M_DEVR_DECI_00111,Referentiels DWH,M_DEVR_DECI_00137_P,Referentiel Clients Dwh - DVR_DEC_DWH_DIM_FID,COMPLETED,44599.9166666667,44600.1036574074,44600.108912037,0.00525462962832535,0.00219907407407407,0,0
U_,devr-dwh-pr-01,M_DEVR_DECI_00111_QUOT,M_PRD_DEVR_DECI_NUIT_007,ALIMENTATION DATAWAREHOUSE,M_DEVR_DECI_00111,Referentiels DWH,M_DEVR_DECI_00111_F,Uproc fin Referentiel DWH,COMPLETED,44599.9166666667,44600.108912037,44600.1089236111,1.15740767796524E-05,0,0,0
U_,devr-dwh-pr-01,M_DEVR_DECI_00112_QUOT,M_PRD_DEVR_DECI_NUIT_007,ALIMENTATION DATAWAREHOUSE,M_DEVR_DECI_00112,Ventes DWH,M_DEVR_DECI_00112_D,Uproc debut Ventes DWH,COMPLETED,44599.9173611111,44600.1089236111,44600.1118981481,0.00297453703387873,0.0309837962962963,9999,0
DECI,devr-dwh-pr-01,M_DEVR_DECI_00112_QUOT,M_PRD_DEVR_DECI_NUIT_007,ALIMENTATION DATAWAREHOUSE,M_DEVR_DECI_00112,Ventes DWH,M_DEVR_DECI_00138_P,Dimensions liees aux faits VENTES - DVR_DEC_DWH_DIM_VTE,COMPLETED,44599.9173611111,44600.1089351852,44600.1089583333,2.31481462833472E-05,6.94444444444444E-05,9999,0
DECI,devr-dwh-pr-01,M_DEVR_DECI_00112_QUOT,M_PRD_DEVR_DECI_NUIT_007,ALIMENTATION DATAWAREHOUSE,M_DEVR_DECI_00112,Ventes DWH,M_DEVR_DECI_00139_P,Faits VENTES - DVR_DEC_DWH_FAI_VTE,COMPLETED,44599.9173611111,44600.1089583333,44600.1118865741,0.00292824074131204,0.0308912037037037,9999,0
U_,devr-dwh-pr-01,M_DEVR_DECI_00112_QUOT,M_PRD_DEVR_DECI_NUIT_007,ALIMENTATION DATAWAREHOUSE,M_DEVR_DECI_00112,Ventes DWH,M_DEVR_DECI_00112_F,Uproc fin Ventes DWH,COMPLETED,44599.9173611111,44600.1118865741,44600.1118981481,1.15740767796524E-05,1.15740740740741E-05,0,0
U_,devr-dwh-pr-01,M_DEVR_DECI_00117_QUOT,M_PRD_DEVR_DECI_NUIT_007,ALIMENTATION DATAWAREHOUSE,M_DEVR_DECI_00117,Tarifs DWH,M_DEVR_DECI_00122_D,Uproc debut Tarifs DWH,COMPLETED,44599.9173611111,44600.1089236111,44600.1159606481,0.00703703703038627,0.0044212962962963,9999,0
DECI,devr-dwh-pr-01,M_DEVR_DECI_00117_QUOT,M_PRD_DEVR_DECI_NUIT_007,ALIMENTATION DATAWAREHOUSE,M_DEVR_DECI_00117,Tarifs DWH,M_DEVR_DECI_00168_P,Tarifs DWH - DVR_DEC_DWH_FAI_TRF,COMPLETED,44599.9173611111,44600.1089236111,44600.1159490741,0.00702546296088258,0.00439814814814815,9999,0
U_,devr-dwh-pr-01,M_DEVR_DECI_00117_QUOT,M_PRD_DEVR_DECI_NUIT_007,ALIMENTATION DATAWAREHOUSE,M_DEVR_DECI_00117,Tarifs DWH,M_DEVR_DECI_00122_F,Uproc fin Tarifs DWH,COMPLETED,44599.9173611111,44600.1159606481,44600.1159606481,0,0,0,0
U_,devr-dwh-pr-01,M_DEVR_DECI_00266_QUOT,M_PRD_DEVR_DECI_NUIT_007,ALIMENTATION DATAWAREHOUSE,M_DEVR_DECI_00266,COMMANDES_CLIENT_DWH,M_DEVR_DECI_00266_D,Uproc debut COMMANDES_CLIENT_DWH,COMPLETED,44599.9173611111,44600.1089236111,44600.1094444444,0.000520833331393078,,0,0
DECI,devr-dwh-pr-01,M_DEVR_DECI_00266_QUOT,M_PRD_DEVR_DECI_NUIT_007,ALIMENTATION DATAWAREHOUSE,M_DEVR_DECI_00266,COMMANDES_CLIENT_DWH,M_DEVR_DECI_00266_P,COMMANDES_CLIENT_DWH - DVR_DEC_DWH_DIM_CCL,COMPLETED,44599.9173611111,44600.1089236111,44600.1089583333,3.47222157870419E-05,,0,0
DECI,devr-dwh-pr-01,M_DEVR_DECI_00266_QUOT,M_PRD_DEVR_DECI_NUIT_007,ALIMENTATION DATAWAREHOUSE,M_DEVR_DECI_00266,COMMANDES_CLIENT_DWH,M_DEVR_DECI_00267_P,COMMANDES_CLIENT_DWH - DVR_DEC_DWH_FAI_CCL,COMPLETED,44599.9173611111,44600.1089583333,44600.1094328704,0.000474537038826384,,0,0
U_,devr-dwh-pr-01,M_DEVR_DECI_00266_QUOT,M_PRD_DEVR_DECI_NUIT_007,ALIMENTATION DATAWAREHOUSE,M_DEVR_DECI_00266,COMMANDES_CLIENT_DWH,M_DEVR_DECI_00266_F,Uproc fin COMMANDES_CLIENT_DWH,COMPLETED,44599.9173611111,44600.1094328704,44600.1094444444,1.15740767796524E-05,,0,0
U_,devr-dwh-pr-01,M_DEVR_DECI_00113_QUOT,M_PRD_DEVR_DECI_NUIT_007,ALIMENTATION DATAWAREHOUSE,M_DEVR_DECI_00113,Agregats ventes,M_DEVR_DECI_00113_D,Uproc debut agregats ventes DWH,COMPLETED,44599.9180555556,44600.1118981481,44600.1364699074,0.0245717592551955,0.0069212962962963,9999,0
DECI,devr-dwh-pr-01,M_DEVR_DECI_00113_QUOT,M_PRD_DEVR_DECI_NUIT_007,ALIMENTATION DATAWAREHOUSE,M_DEVR_DECI_00113,Agregats ventes,M_DEVR_DECI_00140_P,Faits Agregats VENTES - DVR_DEC_DWH_FAI_AGG,COMPLETED,44599.9180555556,44600.1118981481,44600.1282060185,0.0163078703699284,0.00291666666666667,9999,0
DECI,devr-dwh-pr-01,M_DEVR_DECI_00113_QUOT,M_PRD_DEVR_DECI_NUIT_007,ALIMENTATION DATAWAREHOUSE,M_DEVR_DECI_00113,Agregats ventes,M_DEVR_DECI_00277_P,Faits Agregats VENTES - DVR_DEC_DWH_COMP_N-2,COMPLETED,44599.9180555556,44600.1282060185,44600.1282407407,3.47222230629995E-05,,0,0
DECI,devr-dwh-pr-01,M_DEVR_DECI_00113_QUOT,M_PRD_DEVR_DECI_NUIT_007,ALIMENTATION DATAWAREHOUSE,M_DEVR_DECI_00113,Agregats ventes,M_DEVR_DECI_00283_P,stambia DVR_DEC_DWH_COMP_N-3,COMPLETED,44599.9180555556,44600.1282407407,44600.1302199074,0.00197916666365927,,0,0
DECI,devr-dwh-pr-01,M_DEVR_DECI_00113_QUOT,M_PRD_DEVR_DECI_NUIT_007,ALIMENTATION DATAWAREHOUSE,M_DEVR_DECI_00113,Agregats ventes,M_DEVR_DECI_00171_P,Ventes precalculees - DVR_DEC_DWH_VTE_VPR,COMPLETED,44599.9180555556,44600.1302199074,44600.1324189815,0.00219907407881692,0.00394675925925926,9999,0
DECI,devr-dwh-pr-01,M_DEVR_DECI_00113_QUOT,M_PRD_DEVR_DECI_NUIT_007,ALIMENTATION DATAWAREHOUSE,M_DEVR_DECI_00113,Agregats ventes,M_DEVR_DECI_00271_P,DVR_DEC_DWH_VTE_VPR_N2,COMPLETED,44599.9180555556,44600.1324305556,44600.1344560185,0.00202546296350192,,0,0
DECI,devr-dwh-pr-01,M_DEVR_DECI_00113_QUOT,M_PRD_DEVR_DECI_NUIT_007,ALIMENTATION DATAWAREHOUSE,M_DEVR_DECI_00113,Agregats ventes,M_DEVR_DECI_00282_P,DVR_DEC_DWH_VTE_VPR_N3,COMPLETED,44599.9180555556,44600.1344560185,44600.1364583333,0.00200231481721858,,0,0
U_,devr-dwh-pr-01,M_DEVR_DECI_00113_QUOT,M_PRD_DEVR_DECI_NUIT_007,ALIMENTATION DATAWAREHOUSE,M_DEVR_DECI_00113,Agregats ventes,M_DEVR_DECI_00113_F,Uproc fin Agregats Ventes DWH,COMPLETED,44599.9180555556,44600.1364583333,44600.1364699074,1.15740695036948E-05,2.31481481481481E-05,0,0
U_,devr-dwh-pr-01,M_DEVR_DECI_00270_QUOT,M_PRD_DEVR_DECI_NUIT_010,INDICATEURS REPORTING BEST,M_DEVR_DECI_00270,Indicateurs Best complementaires,M_DEVR_DECI_00270_D,Uproc debut Traitements complementaires 2,COMPLETED,44599.9166666667,44600.1234027778,44600.1702777778,0.046875,,0,0
DECI,devr-dwh-pr-01,M_DEVR_DECI_00270_QUOT,M_PRD_DEVR_DECI_NUIT_010,INDICATEURS REPORTING BEST,M_DEVR_DECI_00270,Indicateurs Best complementaires,M_DEVR_DECI_00211_P,DVR_DEC_OUT_VIR,COMPLETED,44599.9166666667,44600.1234143519,44600.126412037,0.00299768518743804,0.0231018518518518,0,0
DECI,devr-dwh-pr-01,M_DEVR_DECI_00270_QUOT,M_PRD_DEVR_DECI_NUIT_010,INDICATEURS REPORTING BEST,M_DEVR_DECI_00270,Indicateurs Best complementaires,M_DEVR_DECI_00261_P,Indicateurs Reporting Best - DVR_DEC_ODS_FAI_IPT,COMPLETED,44599.9166666667,44600.126412037,44600.1613425926,0.0349305555500905,,0,0
DECI,devr-dwh-pr-01,M_DEVR_DECI_00270_QUOT,M_PRD_DEVR_DECI_NUIT_010,INDICATEURS REPORTING BEST,M_DEVR_DECI_00270,Indicateurs Best complementaires,M_DEVR_DECI_00213_P,Refresh - IPT,COMPLETED,44599.9166666667,44600.161412037,44600.1614351852,2.31481462833472E-05,4.62962962962963E-05,0,0
DECI,devr-dwh-pr-01,M_DEVR_DECI_00270_QUOT,M_PRD_DEVR_DECI_NUIT_010,INDICATEURS REPORTING BEST,M_DEVR_DECI_00270,Indicateurs Best complementaires,M_DEVR_DECI_00269_P,DVR_DEC_DWH_HH,COMPLETED,44599.9166666667,44600.1614351852,44600.1687847222,0.00734953703795327,,0,0
DECI,devr-dwh-pr-01,M_DEVR_DECI_00270_QUOT,M_PRD_DEVR_DECI_NUIT_010,INDICATEURS REPORTING BEST,M_DEVR_DECI_00270,Indicateurs Best complementaires,M_DEVR_DECI_00270_P,Rapport Birt ICAMAG,COMPLETED,44599.9166666667,44600.1687847222,44600.1702662037,0.0014814814858255,,0,0
U_,devr-dwh-pr-01,M_DEVR_DECI_00270_QUOT,M_PRD_DEVR_DECI_NUIT_010,INDICATEURS REPORTING BEST,M_DEVR_DECI_00270,Indicateurs Best complementaires,M_DEVR_DECI_00270_F,Uproc fin Traitements complementaires 2,COMPLETED,44599.9166666667,44600.1702662037,44600.1702777778,1.15740695036948E-05,,0,0
U_,devr-qlk-pr-01,M_DEVR_QLK_00100_QUOT,M_PRD_DEVR_DECI_NUIT_QLK,ALIMENTATION QLIKVIEW,M_DEVR_DECI_00116,Refresh QVD Quotidien,M_DEVR_DECI_00116_D,Uproc debut Refresh QVD Quotidien,COMPLETED,44599.9201388889,44600.1364583333,44600.1867592593,0.0503009259264218,0.104456018518519,9999,0
DECI,devr-qlk-pr-01,M_DEVR_QLK_00100_QUOT,M_PRD_DEVR_DECI_NUIT_QLK,ALIMENTATION QLIKVIEW,M_DEVR_DECI_00116,Refresh QVD Quotidien,M_DEVR_DECI_00145_P,Lancement rapport QlikView Referentiel Temps,COMPLETED,44599.9201388889,44600.1364699074,44600.1369675926,0.000497685192385688,0.000462962962962963,0,0
DECI,devr-qlk-pr-01,M_DEVR_QLK_00100_QUOT,M_PRD_DEVR_DECI_NUIT_QLK,ALIMENTATION QLIKVIEW,M_DEVR_DECI_00116,Refresh QVD Quotidien,M_DEVR_DECI_00146_P,Lancement rapport QlikView Referentiel Magasins,COMPLETED,44599.9201388889,44600.1369791667,44600.1379282407,0.000949074077652767,0.000914351851851852,0,0
DECI,devr-qlk-pr-01,M_DEVR_QLK_00100_QUOT,M_PRD_DEVR_DECI_NUIT_QLK,ALIMENTATION QLIKVIEW,M_DEVR_DECI_00116,Refresh QVD Quotidien,M_DEVR_DECI_00147_P,Lancement rapport QlikView Referentiel Fidelite,COMPLETED,44599.9201388889,44600.1379282407,44600.1397453704,0.00181712962512393,0.00144675925925926,0,0
DECI,devr-qlk-pr-01,M_DEVR_QLK_00100_QUOT,M_PRD_DEVR_DECI_NUIT_QLK,ALIMENTATION QLIKVIEW,M_DEVR_DECI_00116,Refresh QVD Quotidien,M_DEVR_DECI_00148_P,Lancement rapport QlikView Referentiel Produits,COMPLETED,44599.9201388889,44600.1397453704,44600.1420717593,0.00232638889428927,0.00207175925925926,0,0
DECI,devr-qlk-pr-01,M_DEVR_QLK_00100_QUOT,M_PRD_DEVR_DECI_NUIT_QLK,ALIMENTATION QLIKVIEW,M_DEVR_DECI_00116,Refresh QVD Quotidien,M_DEVR_DECI_00168_P,Lancement rapport QlikView RefreshQVD_N1,COMPLETED,44599.9201388889,44600.1420833333,44600.169224537,0.0271412037036498,6.94444444444444E-05,0,0
DECI,devr-qlk-pr-01,M_DEVR_QLK_00100_QUOT,M_PRD_DEVR_DECI_NUIT_QLK,ALIMENTATION QLIKVIEW,M_DEVR_DECI_00116,Refresh QVD Quotidien,M_DEVR_DECI_00163_P,Lancement rapport QlikView Tarifs,COMPLETED,44599.9201388889,44600.169224537,44600.1706944444,0.00146990740904585,0.00288194444444444,0,0
DECI,devr-qlk-pr-01,M_DEVR_QLK_00100_QUOT,M_PRD_DEVR_DECI_NUIT_QLK,ALIMENTATION QLIKVIEW,M_DEVR_DECI_00116,Refresh QVD Quotidien,M_DEVR_DECI_00165_P,Lancement rapport QlikView RH,COMPLETED,44599.9201388889,44600.1707060185,44600.1710069444,0.000300925923511386,0.000555555555555556,0,0
DECI,devr-qlk-pr-01,M_DEVR_QLK_00100_QUOT,M_PRD_DEVR_DECI_NUIT_QLK,ALIMENTATION QLIKVIEW,M_DEVR_DECI_00116,Refresh QVD Quotidien,M_DEVR_DECI_00149_P,Lancement rapport QlikView Ventes,COMPLETED,44599.9201388889,44600.1710069444,44600.1762152778,0.00520833333575865,0.0244791666666667,0,0
DECI,devr-qlk-pr-01,M_DEVR_QLK_00100_QUOT,M_PRD_DEVR_DECI_NUIT_QLK,ALIMENTATION QLIKVIEW,M_DEVR_DECI_00116,Refresh QVD Quotidien,M_DEVR_DECI_00150_P,Lancement rapport QlikView Ventes Agregats,COMPLETED,44599.9201388889,44600.1762268519,44600.1775115741,0.00128472222422715,0.00108796296296296,9999,0
DECI,devr-qlk-pr-01,M_DEVR_QLK_00100_QUOT,M_PRD_DEVR_DECI_NUIT_QLK,ALIMENTATION QLIKVIEW,M_DEVR_DECI_00116,Refresh QVD Quotidien,M_DEVR_DECI_00164_P,Lancement rapport QlikView Ventes potentielles,COMPLETED,44599.9201388889,44600.1775115741,44600.1780787037,0.00056712963123573,0.0012037037037037,9999,0
DECI,devr-qlk-pr-01,M_DEVR_QLK_00100_QUOT,M_PRD_DEVR_DECI_NUIT_QLK,ALIMENTATION QLIKVIEW,M_DEVR_DECI_00116,Refresh QVD Quotidien,M_DEVR_DECI_00154_P,Lancement rapport QlikView Stocks depots N,COMPLETED,44599.9201388889,44600.1780787037,44600.1819791667,0.00390046295797219,0.00828703703703704,0,0
DECI,devr-qlk-pr-01,M_DEVR_QLK_00100_QUOT,M_PRD_DEVR_DECI_NUIT_QLK,ALIMENTATION QLIKVIEW,M_DEVR_DECI_00116,Refresh QVD Quotidien,M_DEVR_DECI_00156_P,Lancement rapport QlikView Stocks magasins N,COMPLETED,44599.9201388889,44600.1819791667,44600.1849768519,0.00299768518743804,0.059849537037037,0,0
DECI,devr-qlk-pr-01,M_DEVR_QLK_00100_QUOT,M_PRD_DEVR_DECI_NUIT_QLK,ALIMENTATION QLIKVIEW,M_DEVR_DECI_00116,Refresh QVD Quotidien,M_DEVR_DECI_00157_P,Lancement rapport QlikView Commandes receptions,COMPLETED,44599.9201388889,44600.1849768519,44600.1867476852,0.00177083333255723,0.00107638888888889,0,0
U_,devr-qlk-pr-01,M_DEVR_QLK_00100_QUOT,M_PRD_DEVR_DECI_NUIT_QLK,ALIMENTATION QLIKVIEW,M_DEVR_DECI_00116,Refresh QVD Quotidien,M_DEVR_DECI_00116_F,Uproc fin Refresh QVD Quotidien,COMPLETED,44599.9201388889,44600.1867476852,44600.1867592593,1.15740767796524E-05,0,0,0
U_,devr-dwh-pr-01,M_DEVR_DECI_00118_QUOT,M_PRD_DEVR_DECI_NUIT_009,RAPPORTS BIRT,M_DEVR_DECI_00118,Rapports Birt Chiffres Jour,M_DEVR_DECI_00118_D,Uproc debut Rapports Birt Chiffres Jour,COMPLETED,44599.9201388889,44600.1364699074,44600.1518634259,0.0153935185226146,0.0149768518518519,0,0
DECI,devr-dwh-pr-01,M_DEVR_DECI_00118_QUOT,M_PRD_DEVR_DECI_NUIT_009,RAPPORTS BIRT,M_DEVR_DECI_00118,Rapports Birt Chiffres Jour,M_DEVR_DECI_00161_P,Primes Vendeurs,COMPLETED,44599.9201388889,44600.1364814815,44600.1377893519,0.0013078703705105,0.00314814814814815,0,0
PORT,devr-dwh-pr-01,M_DEVR_DECI_00118_QUOT,M_PRD_DEVR_DECI_NUIT_009,RAPPORTS BIRT,M_DEVR_DECI_00118,Rapports Birt Chiffres Jour,M_DEVR_PORT_00121_P,Primes vendeurs - Envoi portail,COMPLETED,44599.9201388889,44600.1377893519,44600.1378009259,1.15740767796524E-05,,0,0
DECI,devr-dwh-pr-01,M_DEVR_DECI_00118_QUOT,M_PRD_DEVR_DECI_NUIT_009,RAPPORTS BIRT,M_DEVR_DECI_00118,Rapports Birt Chiffres Jour,M_DEVR_DECI_00155_P,CA Flash (Detail des magasins),COMPLETED,44599.9201388889,44600.1377893519,44600.138125,0.000335648146574385,0.00325231481481482,0,0
DECI,devr-dwh-pr-01,M_DEVR_DECI_00118_QUOT,M_PRD_DEVR_DECI_NUIT_009,RAPPORTS BIRT,M_DEVR_DECI_00118,Rapports Birt Chiffres Jour,M_DEVR_DECI_00157_P,CA Flash (Detail des regions),COMPLETED,44599.9201388889,44600.138125,44600.1384027778,0.000277777777228039,0.00109953703703704,0,0
DECI,devr-dwh-pr-01,M_DEVR_DECI_00118_QUOT,M_PRD_DEVR_DECI_NUIT_009,RAPPORTS BIRT,M_DEVR_DECI_00118,Rapports Birt Chiffres Jour,M_DEVR_DECI_00249_P,EXTRACTION_AFFILIES,COMPLETED,44599.9201388889,44600.1384027778,44600.1386921296,0.000289351854007691,,0,0
DECI,devr-dwh-pr-01,M_DEVR_DECI_00118_QUOT,M_PRD_DEVR_DECI_NUIT_009,RAPPORTS BIRT,M_DEVR_DECI_00118,Rapports Birt Chiffres Jour,M_DEVR_DECI_00254_P,REPORTING_POINT_VTES_SFAM,COMPLETED,44599.9201388889,44600.1386921296,44600.15125,0.0125578703737119,,0,0
DECI,devr-dwh-pr-01,M_DEVR_DECI_00118_QUOT,M_PRD_DEVR_DECI_NUIT_009,RAPPORTS BIRT,M_DEVR_DECI_00118,Rapports Birt Chiffres Jour,M_DEVR_DECI_00248_P,CA_FLASH_WEB,COMPLETED,44599.9201388889,44600.15125,44600.1518634259,0.000613425923802424,,0,0
U_,devr-dwh-pr-01,M_DEVR_DECI_00118_QUOT,M_PRD_DEVR_DECI_NUIT_009,RAPPORTS BIRT,M_DEVR_DECI_00118,Rapports Birt Chiffres Jour,M_DEVR_DECI_00118_F,Uproc fin Rapports Birt Chiffres Jour,COMPLETED,44599.9201388889,44600.1518634259,44600.1518634259,0,0,0,0
U_,devr-dwh-pr-01,M_DEVR_DECI_00203_QUOT,M_PRD_DEVR_DECI_NUIT_009,RAPPORTS BIRT,M_DEVR_DECI_00203,New CA Flash,M_DEVR_DECI_00203_D,Uproc debut New CA Flash,COMPLETED,44599.9201388889,44600.1364699074,44600.1381828704,0.00171296296321088,,0,0
DECI,devr-dwh-pr-01,M_DEVR_DECI_00203_QUOT,M_PRD_DEVR_DECI_NUIT_009,RAPPORTS BIRT,M_DEVR_DECI_00203,New CA Flash,M_DEVR_DECI_00203_P,NEW CA Flash,COMPLETED,44599.9201388889,44600.1364814815,44600.1381712963,0.00168981481692754,0.00746527777777778,0,0
U_,devr-dwh-pr-01,M_DEVR_DECI_00203_QUOT,M_PRD_DEVR_DECI_NUIT_009,RAPPORTS BIRT,M_DEVR_DECI_00203,New CA Flash,M_DEVR_DECI_00203_F,Fin debut New CA Flash,COMPLETED,44599.9201388889,44600.1381712963,44600.1381828704,1.15740695036948E-05,,0,0
U_,devr-dwh-pr-01,M_DEVR_DECI_00215_QUOT,M_PRD_DEVR_DECI_NUIT_016,DECISIONNEL PLAN DE COLLECTION,M_DEVR_DECI_00215,Plan de Collection,M_DEVR_DECI_00215_D,Uproc debut Plan de Collection,COMPLETED,44599.9194444444,44600.1364699074,44600.1466782407,0.0102083333404153,0.00531249999767169,0,0
DECI,devr-dwh-pr-01,M_DEVR_DECI_00215_QUOT,M_PRD_DEVR_DECI_NUIT_016,DECISIONNEL PLAN DE COLLECTION,M_DEVR_DECI_00215,Plan de Collection,M_DEVR_DECI_00215_P,DVR_DEC_SAS_DIM_PCO,COMPLETED,44599.9194444444,44600.1365972222,44600.1366666667,6.94444461259991E-05,4.62962998426519E-05,0,0
DECI,devr-dwh-pr-01,M_DEVR_DECI_00215_QUOT,M_PRD_DEVR_DECI_NUIT_016,DECISIONNEL PLAN DE COLLECTION,M_DEVR_DECI_00215,Plan de Collection,M_DEVR_DECI_00216_P,DVR_DEC_SAS_FAI_PCO,COMPLETED,44599.9194444444,44600.1366782407,44600.1421296296,0.00545138888992369,0.00346064814220881,0,0
DECI,devr-dwh-pr-01,M_DEVR_DECI_00215_QUOT,M_PRD_DEVR_DECI_NUIT_016,DECISIONNEL PLAN DE COLLECTION,M_DEVR_DECI_00215,Plan de Collection,M_DEVR_DECI_00217_P,DVR_DEC_ODS_DIM_PCO,COMPLETED,44599.9194444444,44600.1421296296,44600.1426736111,0.000543981477676425,0.000428240746259689,0,0
DECI,devr-dwh-pr-01,M_DEVR_DECI_00215_QUOT,M_PRD_DEVR_DECI_NUIT_016,DECISIONNEL PLAN DE COLLECTION,M_DEVR_DECI_00215,Plan de Collection,M_DEVR_DECI_00218_P,DVR_DEC_ODS_FAI_PCO,COMPLETED,44599.9194444444,44600.1426851851,44600.1466666667,0.00398148148087785,0.0013078703705105,0,0
U_,devr-dwh-pr-01,M_DEVR_DECI_00215_QUOT,M_PRD_DEVR_DECI_NUIT_016,DECISIONNEL PLAN DE COLLECTION,M_DEVR_DECI_00215,Plan de Collection,M_DEVR_DECI_00215_F,Uproc fin Plan de Collection,COMPLETED,44599.9194444444,44600.1466782407,44600.1466782407,0,0,0,0
U_,devr-qls-pr-01,M_DEVR_QLS_00104,M_PRD_DEVR_QLS_NUIT_001,Traitements QlikSense,M_DEVR_QLS_00104,primes_vendeurs_Intranet,M_DEVR_QLS_00104_D,Debut OUTPUT_primes_vendeurs_Intranet,COMPLETED,44600.0416666667,44600.1364814815,44600.1381712963,0.00168981481692754,0.0247222222222222,0,0
QLS,devr-qls-pr-01,M_DEVR_QLS_00104,M_PRD_DEVR_QLS_NUIT_001,Traitements QlikSense,M_DEVR_QLS_00104,primes_vendeurs_Intranet,M_DEVR_QLS_00104_P,OUTPUT_primes_vendeurs_Intranet,COMPLETED,44600.0416666667,44600.1377893519,44600.1381597222,0.000370370369637385,0.00903935185185185,0,0
U_,devr-qls-pr-01,M_DEVR_QLS_00104,M_PRD_DEVR_QLS_NUIT_001,Traitements QlikSense,M_DEVR_QLS_00104,primes_vendeurs_Intranet,M_DEVR_QLS_00104_F,Fin OUTPUT_primes_vendeurs_Intranet,COMPLETED,44600.0416666667,44600.1381597222,44600.1381712963,1.15740767796524E-05,0,0,0
U_,devr-dwh-pr-01,M_DEVR_DECI_00208_QUOT,M_PRD_DEVR_DECI_NUIT_009,RAPPORTS BIRT,M_DEVR_DECI_00208,Rapports Birt AllocationM Jour,M_DEVR_DECI_00208_D,Uproc debut Rapports Birt AllocationM Jour,COMPLETED,44599.9201388889,44600.151875,44600.1745138889,0.0226388888841029,0.0194212962962963,0,0
DECI,devr-dwh-pr-01,M_DEVR_DECI_00208_QUOT,M_PRD_DEVR_DECI_NUIT_009,RAPPORTS BIRT,M_DEVR_DECI_00208,Rapports Birt AllocationM Jour,M_DEVR_DECI_00204_P,REASSORT INTERNATIONAL,COMPLETED,44599.9201388889,44600.151875,44600.1539236111,0.00204861110978527,0.00099537037037037,0,0
DECI,devr-dwh-pr-01,M_DEVR_DECI_00208_QUOT,M_PRD_DEVR_DECI_NUIT_009,RAPPORTS BIRT,M_DEVR_DECI_00208,Rapports Birt AllocationM Jour,M_DEVR_DECI_00207_P,Copie OUTPUT_rea_international vers serveur de fichier,COMPLETED,44599.9201388889,44600.1539351852,44600.1539930556,5.78703766223043E-05,4.62962962962963E-05,0,0
DECI,devr-dwh-pr-01,M_DEVR_DECI_00208_QUOT,M_PRD_DEVR_DECI_NUIT_009,RAPPORTS BIRT,M_DEVR_DECI_00208,Rapports Birt AllocationM Jour,M_DEVR_DECI_00187_P,Objectif Stock,COMPLETED,44599.9201388889,44600.1539930556,44600.1606944444,0.00670138888381189,0.00878472222222222,0,0
DECI,devr-dwh-pr-01,M_DEVR_DECI_00208_QUOT,M_PRD_DEVR_DECI_NUIT_009,RAPPORTS BIRT,M_DEVR_DECI_00208,Rapports Birt AllocationM Jour,M_DEVR_DECI_00208_P,ECLT_STOCKS_ANCIENS,COMPLETED,44599.9201388889,44600.1606944444,44600.1745023148,0.0138078703748761,0.00956018518518519,0,0
U_,devr-dwh-pr-01,M_DEVR_DECI_00208_QUOT,M_PRD_DEVR_DECI_NUIT_009,RAPPORTS BIRT,M_DEVR_DECI_00208,Rapports Birt AllocationM Jour,M_DEVR_DECI_00208_F,Fin Rapports Birt AllocationM Jour,COMPLETED,44599.9201388889,44600.1745138889,44600.1745138889,0,0,0,0
U_,devr-dwh-pr-01,M_DEVR_DECI_00219_QUOT,M_PRD_DEVR_DECI_NUIT_009,RAPPORTS BIRT,M_DEVR_DECI_00219,REPORTING_CA_PRIME,M_DEVR_DECI_00219_D,Uproc debut REPORTING_CA_PRIME,COMPLETED,44599.9222222222,44600.174525463,44600.1761574074,0.00163194444030523,,0,0
DECI,devr-dwh-pr-01,M_DEVR_DECI_00219_QUOT,M_PRD_DEVR_DECI_NUIT_009,RAPPORTS BIRT,M_DEVR_DECI_00219,REPORTING_CA_PRIME,M_DEVR_DECI_00219_P,REPORTING_CA_PRIME,COMPLETED,44599.9222222222,44600.174525463,44600.1757986111,0.0012731481474475,,0,0
PORT,devr-dwh-pr-01,M_DEVR_DECI_00219_QUOT,M_PRD_DEVR_DECI_NUIT_009,RAPPORTS BIRT,M_DEVR_DECI_00219,REPORTING_CA_PRIME,M_DEVR_PORT_00127_P,reporting ca prime - Envoi portail,COMPLETED,44599.9222222222,44600.1757986111,44600.1758101852,1.15740767796524E-05,,0,0
DECI,devr-dwh-pr-01,M_DEVR_DECI_00219_QUOT,M_PRD_DEVR_DECI_NUIT_009,RAPPORTS BIRT,M_DEVR_DECI_00219,REPORTING_CA_PRIME,M_DEVR_DECI_00237_P,REPORTING_CA_PRIME_REGION,COMPLETED,44599.9222222222,44600.1757986111,44600.1761458333,0.000347222223354038,,0,0
PORT,devr-dwh-pr-01,M_DEVR_DECI_00219_QUOT,M_PRD_DEVR_DECI_NUIT_009,RAPPORTS BIRT,M_DEVR_DECI_00219,REPORTING_CA_PRIME,M_DEVR_PORT_00128_P,reporting ca prime region - Envoi portail,COMPLETED,44599.9222222222,44600.1761458333,44600.1761574074,1.15740695036948E-05,,0,0
U_,devr-dwh-pr-01,M_DEVR_DECI_00219_QUOT,M_PRD_DEVR_DECI_NUIT_009,RAPPORTS BIRT,M_DEVR_DECI_00219,REPORTING_CA_PRIME,M_DEVR_DECI_00219_F,Uproc fin REPORTING_CA_PRIME,COMPLETED,44599.9222222222,44600.1761458333,44600.1761574074,1.15740695036948E-05,,0,0
U_,devr-qlk-pr-01,M_DEVR_QLK_00102_QUOT,M_PRD_DEVR_DECI_NUIT_QLK,ALIMENTATION QLIKVIEW,M_DEVR_DECI_00115,Rapport QlikView NoteHebdo,M_DEVR_DECI_00115_D,Uproc debut QlikView NoteHebdo,COMPLETED,44599.9215277778,44600.1867592593,44600.2030092593,0.0162500000005821,0.0199884259259259,9999,0
DECI,devr-qlk-pr-01,M_DEVR_QLK_00102_QUOT,M_PRD_DEVR_DECI_NUIT_QLK,ALIMENTATION QLIKVIEW,M_DEVR_DECI_00115,Rapport QlikView NoteHebdo,M_DEVR_DECI_00158_P,Lancement rapport QlikView reporting NoteHebdo,COMPLETED,44599.9215277778,44600.1867708333,44600.2029976852,0.0162268518542987,0.0199652777777778,0,0
U_,devr-qlk-pr-01,M_DEVR_QLK_00102_QUOT,M_PRD_DEVR_DECI_NUIT_QLK,ALIMENTATION QLIKVIEW,M_DEVR_DECI_00115,Rapport QlikView NoteHebdo,M_DEVR_DECI_00115_F,Uproc fin QlikView NoteHebdo,COMPLETED,44599.9215277778,44600.2029976852,44600.2030092593,1.15740767796524E-05,0,0,0
U_,devr-qlk-pr-01,M_DEVR_QLK_00103_QUOT,M_PRD_DEVR_DECI_NUIT_QLK,ALIMENTATION QLIKVIEW,M_DEVR_DECI_00119,Rapports QlikView,M_DEVR_DECI_00118_D,Uproc debut QlikView,COMPLETED,44599.9222222222,44600.2030092593,44600.2230092593,0.0199999999967986,0.136782407407407,0,0
DECI,devr-qlk-pr-01,M_DEVR_QLK_00103_QUOT,M_PRD_DEVR_DECI_NUIT_QLK,ALIMENTATION QLIKVIEW,M_DEVR_DECI_00119,Rapports QlikView,M_DEVR_DECI_00161_P,Lancement rapport QlikView reporting Modele application ventes,COMPLETED,44599.9222222222,44600.2030208333,44600.2147800926,0.0117592592650908,0.00777777777777778,0,0
DECI,devr-qlk-pr-01,M_DEVR_QLK_00103_QUOT,M_PRD_DEVR_DECI_NUIT_QLK,ALIMENTATION QLIKVIEW,M_DEVR_DECI_00119,Rapports QlikView,M_DEVR_DECI_00170_P,Lancement rapport QlikView Reporting-Analyse_HT,COMPLETED,44599.9222222222,44600.2147800926,44600.2151851852,0.000405092592700385,0.000405092592592593,0,0
DECI,devr-qlk-pr-01,M_DEVR_QLK_00103_QUOT,M_PRD_DEVR_DECI_NUIT_QLK,ALIMENTATION QLIKVIEW,M_DEVR_DECI_00119,Rapports QlikView,M_DEVR_DECI_00171_P,Lancement rapport QlikView Reporting-DonneesRH,COMPLETED,44599.9222222222,44600.2151967593,44600.2158912037,0.000694444446708076,0.000787037037037037,0,0
DECI,devr-qlk-pr-01,M_DEVR_QLK_00103_QUOT,M_PRD_DEVR_DECI_NUIT_QLK,ALIMENTATION QLIKVIEW,M_DEVR_DECI_00119,Rapports QlikView,M_DEVR_DECI_00172_P,Lancement rapport QlikView Reporting-Giftcards,COMPLETED,44599.9222222222,44600.2158912037,44600.2165972222,0.00070601851621177,0.000821759259259259,0,0
DECI,devr-qlk-pr-01,M_DEVR_QLK_00103_QUOT,M_PRD_DEVR_DECI_NUIT_QLK,ALIMENTATION QLIKVIEW,M_DEVR_DECI_00119,Rapports QlikView,M_DEVR_DECI_00167_P,Lancement rapport QlikView Reporting Modele Achats,COMPLETED,44599.9222222222,44600.2165972222,44600.2169560185,0.00035879630013369,0.00037037037037037,0,0
DECI,devr-qlk-pr-01,M_DEVR_QLK_00103_QUOT,M_PRD_DEVR_DECI_NUIT_QLK,ALIMENTATION QLIKVIEW,M_DEVR_DECI_00119,Rapports QlikView,M_DEVR_DECI_00173_P,Lancement rapport QlikView Reporting-Analyse_Opecomm,COMPLETED,44599.9222222222,44600.2169560185,44600.2201388889,0.00318287036498077,0.00365740740740741,0,0
DECI,devr-qlk-pr-01,M_DEVR_QLK_00103_QUOT,M_PRD_DEVR_DECI_NUIT_QLK,ALIMENTATION QLIKVIEW,M_DEVR_DECI_00119,Rapports QlikView,M_DEVR_DECI_00160_P,Lancement rapport QlikView reporting Encaissements,COMPLETED,44599.9222222222,44600.220150463,44600.2225,0.00234953704057261,0.00199074074074074,0,0
DECI,devr-qlk-pr-01,M_DEVR_QLK_00103_QUOT,M_PRD_DEVR_DECI_NUIT_QLK,ALIMENTATION QLIKVIEW,M_DEVR_DECI_00119,Rapports QlikView,M_DEVR_DECI_00159_P,Lancement rapport QlikView reporting Tauxdedispo,COMPLETED,44599.9222222222,44600.2225,44600.2226273148,0.000127314808196388,0.00574074074074074,0,0
DECI,devr-qlk-pr-01,M_DEVR_QLK_00103_QUOT,M_PRD_DEVR_DECI_NUIT_QLK,ALIMENTATION QLIKVIEW,M_DEVR_DECI_00119,Rapports QlikView,M_DEVR_DECI_00174_P,Lancement rapport QlikView Reporting-Plancollection,COMPLETED,44599.9222222222,44600.2226273148,44600.2227546296,0.000127314815472346,0.014849537037037,0,0
DECI,devr-qlk-pr-01,M_DEVR_QLK_00103_QUOT,M_PRD_DEVR_DECI_NUIT_QLK,ALIMENTATION QLIKVIEW,M_DEVR_DECI_00119,Rapports QlikView,M_DEVR_DECI_00144_P,Lancement rapport QlikView Refresh QLK,COMPLETED,44599.9222222222,44600.2227546296,44600.2229398148,0.000185185184818693,5.78703703703704E-05,0,0
DECI,devr-qlk-pr-01,M_DEVR_QLK_00103_QUOT,M_PRD_DEVR_DECI_NUIT_QLK,ALIMENTATION QLIKVIEW,M_DEVR_DECI_00119,Rapports QlikView,M_DEVR_DECI_00209_P,Lancement rapport QlikView Refresh UR,COMPLETED,44599.9222222222,44600.2229398148,44600.2230092593,6.94444461259991E-05,5.78703703703704E-05,0,0
U_,devr-qlk-pr-01,M_DEVR_QLK_00103_QUOT,M_PRD_DEVR_DECI_NUIT_QLK,ALIMENTATION QLIKVIEW,M_DEVR_DECI_00119,Rapports QlikView,M_DEVR_DECI_00118_F,Uproc fin QlikView,COMPLETED,44599.9222222222,44600.2230092593,44600.2230092593,0,1.15740740740741E-05,0,0
U_,devr-dwh-pr-01,M_DEVR_DECI_00250_QUOT,M_PRD_DEVR_DECI_NUIT_009,RAPPORTS BIRT,M_DEVR_DECI_00250,Rapport Birt magasins manquants Devred,M_DEVR_DECI_00250_D,Uproc debut Magasins manquants,COMPLETED,44600.2708333333,44600.2708333333,44600.2727777778,0.00194444444059627,,0,0
DECI,devr-dwh-pr-01,M_DEVR_DECI_00250_QUOT,M_PRD_DEVR_DECI_NUIT_009,RAPPORTS BIRT,M_DEVR_DECI_00250,Rapport Birt magasins manquants Devred,M_DEVR_DECI_00250_P,Reporting Magasins manquants Devred,COMPLETED,44600.2708333333,44600.2708449074,44600.2727662037,0.00192129630158888,,0,0
U_,devr-dwh-pr-01,M_DEVR_DECI_00250_QUOT,M_PRD_DEVR_DECI_NUIT_009,RAPPORTS BIRT,M_DEVR_DECI_00250,Rapport Birt magasins manquants Devred,M_DEVR_DECI_00250_F,Uproc fin Magasins manquants,COMPLETED,44600.2708333333,44600.2727662037,44600.2727777778,1.15740695036948E-05,,0,0
U_,devr-dwh-pr-01,M_DEVR_DECI_00222_QUOT,M_PRD_DEVR_DECI_NUIT_018,DECISIONNEL COMPTA,M_DEVR_DECI_00222,DVR_DEC_ODS_CPT,M_DEVR_DECI_00222_D,Uproc debut Donnees SXC - DVR_DEC_ODS_CPT,COMPLETED,44600.3125,44600.3125,44600.3155671296,0.00306712962628808,,0,0
DECI,devr-dwh-pr-01,M_DEVR_DECI_00222_QUOT,M_PRD_DEVR_DECI_NUIT_018,DECISIONNEL COMPTA,M_DEVR_DECI_00222,DVR_DEC_ODS_CPT,M_DEVR_DECI_00222_P,Donnees SXC - DVR_DEC_ODS_CPT,COMPLETED,44600.3125,44600.3125115741,44600.3151273148,0.002615740741021,,0,0
DECI,devr-dwh-pr-01,M_DEVR_DECI_00222_QUOT,M_PRD_DEVR_DECI_NUIT_018,DECISIONNEL COMPTA,M_DEVR_DECI_00222,DVR_DEC_ODS_CPT,M_DEVR_DECI_00243_P,DVR_DEC_OUT_EIN,COMPLETED,44600.3125,44600.3151388889,44600.3155555556,0.000416666669480037,,0,0
U_,devr-dwh-pr-01,M_DEVR_DECI_00222_QUOT,M_PRD_DEVR_DECI_NUIT_018,DECISIONNEL COMPTA,M_DEVR_DECI_00222,DVR_DEC_ODS_CPT,M_DEVR_DECI_00222_F,Uproc fin Donnees SXC - DVR_DEC_ODS_CPT,COMPLETED,44600.3125,44600.3155671296,44600.3155671296,0,,0,0
U_,devr-qls-pr-01,M_DEVR_QLS_00110,M_PRD_DEVR_QLS_NUIT_001,Traitements QlikSense,M_DEVR_QLS_00110,Traitement FINANCE,M_DEVR_QLS_00110_D,Debut FINANCES,COMPLETED,44600.3333333333,44600.3333449074,44600.3379976851,0.00465277778130258,,0,0
QLS,devr-qls-pr-01,M_DEVR_QLS_00110,M_PRD_DEVR_QLS_NUIT_001,Traitements QlikSense,M_DEVR_QLS_00110,Traitement FINANCE,M_DEVR_QLS_00110_P,QVD_FINANCES,COMPLETED,44600.3333333333,44600.3333564815,44600.3376736111,0.00431712962745223,,0,0
QLS,devr-qls-pr-01,M_DEVR_QLS_00110,M_PRD_DEVR_QLS_NUIT_001,Traitements QlikSense,M_DEVR_QLS_00110,Traitement FINANCE,M_DEVR_QLS_00111_P,APPS_FINANCES,COMPLETED,44600.3333333333,44600.3376736111,44600.3379976851,0.000324074077070691,,0,0
U_,devr-qls-pr-01,M_DEVR_QLS_00110,M_PRD_DEVR_QLS_NUIT_001,Traitements QlikSense,M_DEVR_QLS_00110,Traitement FINANCE,M_DEVR_QLS_00110_F,Fin FINANCES,COMPLETED,44600.3333333333,44600.3379976851,44600.3379976851,0,,0,0
U_,devr-dwh-pr-01,M_DEVR_DECI_00127_QUOT,M_PRD_DEVR_DECI_NUIT_015,RAPPORTS BIRT CA FLASH INTERNATIONAL,M_DEVR_DECI_00126,Rapport Birt CA Flash International,M_DEVR_DECI_00129_D,Uproc debut Rapports Birt CA Flash international,COMPLETED,44599.9236111111,44600.3333564815,44600.3515277778,0.018171296294895,0.0530324074074074,0,0
DECI,devr-dwh-pr-01,M_DEVR_DECI_00127_QUOT,M_PRD_DEVR_DECI_NUIT_015,RAPPORTS BIRT CA FLASH INTERNATIONAL,M_DEVR_DECI_00126,Rapport Birt CA Flash International,M_DEVR_DECI_00191_P,DVR_DEC_SAS_FAI_VTE_INT,COMPLETED,44599.9236111111,44600.3333680556,44600.334212963,0.000844907401187811,0.00630787037037037,0,0
DECI,devr-dwh-pr-01,M_DEVR_DECI_00127_QUOT,M_PRD_DEVR_DECI_NUIT_015,RAPPORTS BIRT CA FLASH INTERNATIONAL,M_DEVR_DECI_00126,Rapport Birt CA Flash International,M_DEVR_DECI_00192_P,DVR_DEC_ODS_FAI_VTE,COMPLETED,44599.9236111111,44600.334224537,44600.3345717593,0.000347222223354038,0.0034837962962963,0,0
DECI,devr-dwh-pr-01,M_DEVR_DECI_00127_QUOT,M_PRD_DEVR_DECI_NUIT_015,RAPPORTS BIRT CA FLASH INTERNATIONAL,M_DEVR_DECI_00126,Rapport Birt CA Flash International,M_DEVR_DECI_00193_P,DVR_DEC_ODS_FAI_IMH,COMPLETED,44599.9236111111,44600.3345833333,44600.3466550926,0.0120717592581059,0.0229513888888889,0,0
DECI,devr-dwh-pr-01,M_DEVR_DECI_00127_QUOT,M_PRD_DEVR_DECI_NUIT_015,RAPPORTS BIRT CA FLASH INTERNATIONAL,M_DEVR_DECI_00126,Rapport Birt CA Flash International,M_DEVR_DECI_00232_P,DVR_DEC_ODS_FAI_IMH_LAT,COMPLETED,44599.9236111111,44600.3466550926,44600.3468055556,0.000150462961755693,,9999,0
DECI,devr-dwh-pr-01,M_DEVR_DECI_00127_QUOT,M_PRD_DEVR_DECI_NUIT_015,RAPPORTS BIRT CA FLASH INTERNATIONAL,M_DEVR_DECI_00126,Rapport Birt CA Flash International,M_DEVR_DECI_00194_P,DVR_DEC_ODS_BST,COMPLETED,44599.9236111111,44600.3468171296,44600.3476967593,0.000879629631526768,0.00212962962962963,0,0
DECI,devr-dwh-pr-01,M_DEVR_DECI_00127_QUOT,M_PRD_DEVR_DECI_NUIT_015,RAPPORTS BIRT CA FLASH INTERNATIONAL,M_DEVR_DECI_00126,Rapport Birt CA Flash International,M_DEVR_DECI_00195_P,DVR_DEC_DWH_FAI_VTE,COMPLETED,44599.9236111111,44600.3476967593,44600.3481481482,0.000451388892543036,0.00773148148148148,0,0
DECI,devr-dwh-pr-01,M_DEVR_DECI_00127_QUOT,M_PRD_DEVR_DECI_NUIT_015,RAPPORTS BIRT CA FLASH INTERNATIONAL,M_DEVR_DECI_00126,Rapport Birt CA Flash International,M_DEVR_DECI_00196_P,DVR_DEC_DWH_FAI_AGG,COMPLETED,44599.9236111111,44600.3481481482,44600.3494328704,0.0012847222169512,0.000555555555555556,0,0
DECI,devr-dwh-pr-01,M_DEVR_DECI_00127_QUOT,M_PRD_DEVR_DECI_NUIT_015,RAPPORTS BIRT CA FLASH INTERNATIONAL,M_DEVR_DECI_00126,Rapport Birt CA Flash International,M_DEVR_DECI_00278_P,Rapports Birt CA Flash international - DVR_DEC_DWH_COMP_N-2,COMPLETED,44599.9236111111,44600.3494328704,44600.3494675926,3.47222230629995E-05,,0,0
DECI,devr-dwh-pr-01,M_DEVR_DECI_00127_QUOT,M_PRD_DEVR_DECI_NUIT_015,RAPPORTS BIRT CA FLASH INTERNATIONAL,M_DEVR_DECI_00126,Rapport Birt CA Flash International,M_DEVR_DECI_00284_P,stambia DVR_DEC_DWH_COMP_N-3,COMPLETED,44599.9236111111,44600.3494675926,44600.350787037,0.00131944444729015,,0,0
DECI,devr-dwh-pr-01,M_DEVR_DECI_00127_QUOT,M_PRD_DEVR_DECI_NUIT_015,RAPPORTS BIRT CA FLASH INTERNATIONAL,M_DEVR_DECI_00126,Rapport Birt CA Flash International,M_DEVR_DECI_00212_P,New CA Flash INTER,COMPLETED,44599.9236111111,44600.350787037,44600.3512384259,0.000451388885267079,0.00640046296296296,0,0
DECI,devr-dwh-pr-01,M_DEVR_DECI_00127_QUOT,M_PRD_DEVR_DECI_NUIT_015,RAPPORTS BIRT CA FLASH INTERNATIONAL,M_DEVR_DECI_00126,Rapport Birt CA Flash International,M_DEVR_DECI_00176_P,CA Flash International,COMPLETED,44599.9236111111,44600.3512384259,44600.3513888889,0.000150462969031651,0.00229166666666667,0,0
DECI,devr-dwh-pr-01,M_DEVR_DECI_00127_QUOT,M_PRD_DEVR_DECI_NUIT_015,RAPPORTS BIRT CA FLASH INTERNATIONAL,M_DEVR_DECI_00126,Rapport Birt CA Flash International,M_DEVR_DECI_00177_P,CA Flash International a date,COMPLETED,44599.9236111111,44600.3513888889,44600.3515162037,0.000127314808196388,0.00114583333333333,0,0
U_,devr-dwh-pr-01,M_DEVR_DECI_00127_QUOT,M_PRD_DEVR_DECI_NUIT_015,RAPPORTS BIRT CA FLASH INTERNATIONAL,M_DEVR_DECI_00126,Rapport Birt CA Flash International,M_DEVR_DECI_00129_F,Uproc fin Rapports Birt CA Flash international,COMPLETED,44599.9236111111,44600.3515277778,44600.3515277778,0,1.15740740740741E-05,0,0
U_,devr-dwh-pr-01,M_DEVR_DECI_00272_QUOT,M_PRD_DEVR_DECI_NUIT_015,RAPPORTS BIRT CA FLASH INTERNATIONAL,M_DEVR_DECI_00272,Reporting Birt CA FLASH 2,M_DEVR_DECI_00272_D,Uproc debut Reporting Birt 2,COMPLETED,44599.9243055556,44600.3515277778,44600.3632638889,0.0117361111115315,,0,0
DECI,devr-dwh-pr-01,M_DEVR_DECI_00272_QUOT,M_PRD_DEVR_DECI_NUIT_015,RAPPORTS BIRT CA FLASH INTERNATIONAL,M_DEVR_DECI_00272,Reporting Birt CA FLASH 2,M_DEVR_DECI_00272_P,RefreshBirt - CA_FLASH_WEB2,COMPLETED,44599.9243055556,44600.3515393519,44600.3521412037,0.000601851847022772,,0,0
DECI,devr-dwh-pr-01,M_DEVR_DECI_00272_QUOT,M_PRD_DEVR_DECI_NUIT_015,RAPPORTS BIRT CA FLASH INTERNATIONAL,M_DEVR_DECI_00272,Reporting Birt CA FLASH 2,M_DEVR_DECI_00273_P,RefreshBirt - REPORTING_POINT_VTES_SFAM2,COMPLETED,44599.9243055556,44600.3521412037,44600.3622800926,0.0101388888942893,,0,0
DECI,devr-dwh-pr-01,M_DEVR_DECI_00272_QUOT,M_PRD_DEVR_DECI_NUIT_015,RAPPORTS BIRT CA FLASH INTERNATIONAL,M_DEVR_DECI_00272,Reporting Birt CA FLASH 2,M_DEVR_DECI_00274_P,RefreshBirt - NEW_CA_FLASH2,COMPLETED,44599.9243055556,44600.3622916667,44600.3632523148,0.000960648147156462,,0,0
U_,devr-dwh-pr-01,M_DEVR_DECI_00272_QUOT,M_PRD_DEVR_DECI_NUIT_015,RAPPORTS BIRT CA FLASH INTERNATIONAL,M_DEVR_DECI_00272,Reporting Birt CA FLASH 2,M_DEVR_DECI_00272_F,Uproc fin Reporting Birt 2,COMPLETED,44599.9243055556,44600.3632638889,44600.3632638889,0,,0,0
U_,devr-qlk-pr-01,M_DEVR_QLK_00201_QUOT,M_PRD_DEVR_DECI_NUIT_QLK,ALIMENTATION QLIKVIEW,M_DEVR_QLK_00201,Reporting Note 2,M_DEVR_QLK_00201_D,Uproc debut Reporting 2,COMPLETED,44599.9236111111,44600.3515393519,44600.3720486111,0.020509259258688,,0,0
DECI,devr-qlk-pr-01,M_DEVR_QLK_00201_QUOT,M_PRD_DEVR_DECI_NUIT_QLK,ALIMENTATION QLIKVIEW,M_DEVR_QLK_00201,Reporting Note 2,M_DEVR_QLK_00201_P,Lancement rapport Reporting-ModeleApplicationVentesNN1_2,COMPLETED,44599.9236111111,44600.3515393519,44600.3516666667,0.000127314815472346,,0,0
DECI,devr-qlk-pr-01,M_DEVR_QLK_00201_QUOT,M_PRD_DEVR_DECI_NUIT_QLK,ALIMENTATION QLIKVIEW,M_DEVR_QLK_00201,Reporting Note 2,M_DEVR_QLK_00202_P,Lancement rapport Reporting-NoteHebdo2Reporting-NoteHebdo2,COMPLETED,44599.9236111111,44600.3516666667,44600.372037037,0.020370370366436,,0,0
U_,devr-qlk-pr-01,M_DEVR_QLK_00201_QUOT,M_PRD_DEVR_DECI_NUIT_QLK,ALIMENTATION QLIKVIEW,M_DEVR_QLK_00201,Reporting Note 2,M_DEVR_QLK_00201_F,Uproc fin Reporting 2,COMPLETED,44599.9236111111,44600.3720486111,44600.3720486111,0,,0,0
